image_id,role,label_idx,logit_0,logit_1,logit_2,logit_3
hushem/01_Normal/image_001.BMP,val,0,1.562227,0.187504,-0.943170,-0.806561
hushem/01_Normal/image_004.BMP,val,0,3.337554,-1.294585,-0.883533,-1.159436
hushem/01_Normal/image_016.BMP,val,0,0.964396,-0.091145,-0.169998,-0.703252
hushem/01_Normal/image_023.BMP,val,0,0.362955,-0.225994,0.044205,-0.181166
hushem/01_Normal/image_029.BMP,val,0,1.605679,-0.590907,-0.741379,-0.273393
hushem/01_Normal/image_039.BMP,val,0,0.094745,-0.278872,-0.123830,0.307957
hushem/01_Normal/image_046.BMP,val,0,0.513458,-0.032305,-0.581682,0.100529
hushem/02_Tapered/image_018.BMP,val,1,0.612744,0.821734,-1.516214,0.081736
hushem/02_Tapered/image_029.BMP,val,1,-1.566792,1.330237,-0.586218,0.822773
hushem/02_Tapered/image_030.BMP,val,1,-0.780393,-0.333753,0.555409,0.558738
hushem/02_Tapered/image_035.BMP,val,1,0.930336,0.100313,-0.745471,-0.285178
hushem/02_Tapered/image_049.BMP,val,1,-2.027328,-0.908147,2.292059,0.643417
hushem/02_Tapered/image_052.BMP,val,1,-0.929853,1.390277,-0.540882,0.080458
hushem/03_Pyriform/image_016.BMP,val,2,-0.001259,-0.280520,0.578727,-0.296948
hushem/03_Pyriform/image_021.BMP,val,2,1.036014,-0.117165,-1.911842,0.992994
hushem/03_Pyriform/image_043.BMP,val,2,-1.667229,-0.537570,1.783439,0.421360
hushem/03_Pyriform/image_046.BMP,val,2,-2.580386,0.430393,1.654478,0.495514
hushem/03_Pyriform/image_050.BMP,val,2,-2.578915,0.097092,2.506717,-0.024894
hushem/03_Pyriform/image_052.BMP,val,2,-2.508731,-0.702864,3.750440,-0.538845
hushem/03_Pyriform/image_053.BMP,val,2,-1.541820,0.836249,2.529104,-1.823534
hushem/04_Amorphous/image_019.BMP,val,3,0.191313,0.355250,-1.728091,1.181529
hushem/04_Amorphous/image_025.BMP,val,3,-0.690999,-0.292033,0.262505,0.720528
hushem/04_Amorphous/image_027.BMP,val,3,-0.037612,-0.847163,0.238372,0.646403
hushem/04_Amorphous/image_030.BMP,val,3,-1.367495,0.827161,-0.086464,0.626799
hushem/04_Amorphous/image_042.BMP,val,3,-1.108766,-0.835959,0.922228,1.022498
hushem/04_Amorphous/image_051.BMP,val,3,-2.408678,0.305684,2.112966,-0.009972
hushem/01_Normal/image_008.BMP,calib,0,0.807117,0.279969,-0.615930,-0.471157
hushem/01_Normal/image_011.BMP,calib,0,1.751341,0.220354,-1.109376,-0.862319
hushem/01_Normal/image_021.BMP,calib,0,1.332694,-0.105211,-0.442225,-0.785258
hushem/01_Normal/image_025.BMP,calib,0,0.978917,-0.729886,-0.429271,0.180240
hushem/01_Normal/image_034.BMP,calib,0,1.523604,-0.209264,-1.283923,-0.030416
hushem/01_Normal/image_042.BMP,calib,0,1.313655,-1.733530,-0.904265,1.324139
hushem/01_Normal/image_043.BMP,calib,0,1.432089,-1.257697,0.151053,-0.325445
hushem/01_Normal/image_049.BMP,calib,0,1.002837,-0.863277,-0.374515,0.234955
hushem/01_Normal/image_050.BMP,calib,0,1.201297,-0.604384,-1.197488,0.600575
hushem/02_Tapered/image_001.BMP,calib,1,0.195559,-0.519309,-0.323477,0.647227
hushem/02_Tapered/image_002.BMP,calib,1,1.006452,-0.145896,-0.692078,-0.168478
hushem/02_Tapered/image_014.BMP,calib,1,0.355187,1.795499,-0.698571,-1.452115
hushem/02_Tapered/image_031.BMP,calib,1,-0.444552,0.940781,-0.383129,-0.113101
hushem/02_Tapered/image_040.BMP,calib,1,-0.469090,1.211640,-0.337727,-0.404823
hushem/02_Tapered/image_046.BMP,calib,1,-1.812801,1.070249,0.838411,-0.095859
hushem/02_Tapered/image_051.BMP,calib,1,-1.670179,2.171853,0.517305,-1.018978
hushem/02_Tapered/image_053.BMP,calib,1,-0.767324,1.014952,0.690792,-0.938420
hushem/03_Pyriform/image_011.BMP,calib,2,1.024048,-1.472591,1.635797,-1.187254
hushem/03_Pyriform/image_012.BMP,calib,2,1.199000,-0.061281,0.536791,-1.674510
hushem/03_Pyriform/image_018.BMP,calib,2,-1.526437,-0.420472,2.424717,-0.477808
hushem/03_Pyriform/image_020.BMP,calib,2,0.169046,-0.584664,-0.226988,0.642606
hushem/03_Pyriform/image_025.BMP,calib,2,-0.969481,0.034079,1.400978,-0.465575
hushem/03_Pyriform/image_033.BMP,calib,2,-1.463996,-0.880903,2.406903,-0.062005
hushem/03_Pyriform/image_047.BMP,calib,2,-0.453560,-0.156818,1.019166,-0.408788
hushem/03_Pyriform/image_049.BMP,calib,2,-1.081267,0.002788,1.267851,-0.189371
hushem/03_Pyriform/image_055.BMP,calib,2,-1.826797,0.406264,2.577336,-1.156803
hushem/04_Amorphous/image_001.BMP,calib,3,-0.642823,0.767957,-0.096609,-0.028525
hushem/04_Amorphous/image_013.BMP,calib,3,-1.684252,-0.460563,0.308724,1.836091
hushem/04_Amorphous/image_026.BMP,calib,3,-1.121212,1.488979,-0.635922,0.268155
hushem/04_Amorphous/image_029.BMP,calib,3,-0.229444,-0.620734,-0.997153,1.847332
hushem/04_Amorphous/image_031.BMP,calib,3,-0.050753,0.074042,-0.341216,0.317927
hushem/04_Amorphous/image_034.BMP,calib,3,0.457320,-1.622269,-1.063380,2.228328
hushem/04_Amorphous/image_046.BMP,calib,3,-0.521548,-1.399871,-0.329320,2.250739
hushem/04_Amorphous/image_049.BMP,calib,3,-1.538905,0.485220,-0.188131,1.241816
hushem/01_Normal/image_005.BMP,test,0,1.365935,-0.583848,-0.217635,-0.564452
hushem/01_Normal/image_015.BMP,test,0,1.435823,-0.742941,-0.526543,-0.166338
hushem/01_Normal/image_022.BMP,test,0,1.776241,-0.283336,-0.475092,-1.017814
hushem/01_Normal/image_028.BMP,test,0,-0.691272,0.376416,0.235341,0.079515
hushem/01_Normal/image_030.BMP,test,0,1.411379,-0.100978,-1.925663,0.615262
hushem/01_Normal/image_031.BMP,test,0,0.349835,-0.060080,-1.394464,1.104709
hushem/01_Normal/image_032.BMP,test,0,1.815984,-1.464668,-0.829965,0.478648
hushem/01_Normal/image_036.BMP,test,0,1.061027,-0.524640,-0.938968,0.402581
hushem/01_Normal/image_041.BMP,test,0,1.090289,-1.220720,0.255680,-0.125250
hushem/01_Normal/image_047.BMP,test,0,1.210088,-0.666718,-0.481020,-0.062350
hushem/01_Normal/image_053.BMP,test,0,1.438068,-1.373119,-1.225776,1.160827
hushem/02_Tapered/image_005.BMP,test,1,1.108572,1.157650,-0.758103,-1.508119
hushem/02_Tapered/image_008.BMP,test,1,-0.018000,-0.517369,1.229401,-0.694033
hushem/02_Tapered/image_009.BMP,test,1,-0.128413,-0.069766,0.278863,-0.080685
hushem/02_Tapered/image_011.BMP,test,1,0.539085,0.999885,-0.381104,-1.157866
hushem/02_Tapered/image_012.BMP,test,1,0.772561,0.058370,0.912920,-1.743852
hushem/02_Tapered/image_013.BMP,test,1,1.017396,0.410642,-0.844179,-0.583859
hushem/02_Tapered/image_016.BMP,test,1,-0.222974,0.451940,-0.107555,-0.121411
hushem/02_Tapered/image_022.BMP,test,1,-0.570972,1.968115,-0.793777,-0.603366
hushem/02_Tapered/image_024.BMP,test,1,-0.864780,0.585133,0.112691,0.166956
hushem/02_Tapered/image_036.BMP,test,1,-0.385484,1.017793,-0.358638,-0.273671
hushem/02_Tapered/image_050.BMP,test,1,-2.683413,1.169806,2.585701,-1.072094
hushem/03_Pyriform/image_004.BMP,test,2,2.036271,-0.676122,0.381959,-1.742108
hushem/03_Pyriform/image_008.BMP,test,2,0.110026,-0.529160,0.394083,0.025050
hushem/03_Pyriform/image_013.BMP,test,2,0.036725,-1.084655,0.868991,0.178940
hushem/03_Pyriform/image_017.BMP,test,2,-0.475928,-0.758226,0.593307,0.640847
hushem/03_Pyriform/image_024.BMP,test,2,-1.024082,0.175047,1.191140,-0.342105
hushem/03_Pyriform/image_027.BMP,test,2,-0.488432,0.221082,0.503873,-0.236523
hushem/03_Pyriform/image_030.BMP,test,2,-1.164054,-0.546095,1.652472,0.057677
hushem/03_Pyriform/image_040.BMP,test,2,-2.420362,-0.604952,2.247818,0.777496
hushem/03_Pyriform/image_045.BMP,test,2,-1.118406,0.422500,1.147170,-0.451264
hushem/03_Pyriform/image_054.BMP,test,2,-2.577518,-0.253279,3.580613,-0.749817
hushem/03_Pyriform/image_057.BMP,test,2,-2.986476,1.389131,2.306856,-0.709511
hushem/04_Amorphous/image_004.BMP,test,3,-0.709283,-0.873887,0.464819,1.118350
hushem/04_Amorphous/image_007.BMP,test,3,-0.357857,-0.078454,-0.421954,0.858265
hushem/04_Amorphous/image_009.BMP,test,3,-0.375641,-0.653124,-0.414028,1.442793
hushem/04_Amorphous/image_017.BMP,test,3,-0.474616,-0.810969,-1.066763,2.352347
hushem/04_Amorphous/image_018.BMP,test,3,0.412567,-1.061503,-0.845598,1.494535
hushem/04_Amorphous/image_020.BMP,test,3,-0.162136,-1.028024,-0.549514,1.739674
hushem/04_Amorphous/image_022.BMP,test,3,-2.246584,0.021618,0.433535,1.791432
hushem/04_Amorphous/image_032.BMP,test,3,-1.520534,0.384582,0.157257,0.978695
hushem/04_Amorphous/image_033.BMP,test,3,-0.415767,-0.152532,-0.257964,0.826263
hushem/04_Amorphous/image_036.BMP,test,3,0.620531,-1.352151,-0.913367,1.644987
hushem/04_Amorphous/image_052.BMP,test,3,-1.099169,-0.170980,0.717102,0.553046
