dataset,method,baseline,repeat,errors_method,errors_baseline,b_method_only_right,c_baseline_only_right,mcnemar_p,mean_fold_acc_diff,corrected_t,corrected_t_p,mcnemar_p_holm,corrected_t_p_holm
hushem,anifa,frozen_raw_lr,0,26,50,36,12,0.00071727,0.0880127,3.05805,0.00540404,0.00071727,0.00540404
hushem,anifa,frozen_raw_lr,1,35,51,33,17,0.0328391,0.0880127,3.05805,0.00540404,0.0328391,0.00540404
hushem,anifa,frozen_raw_lr,2,30,48,32,14,0.0113516,0.0880127,3.05805,0.00540404,0.0113516,0.00540404
hushem,anifa,frozen_raw_lr,3,32,49,34,17,0.0240929,0.0880127,3.05805,0.00540404,0.0240929,0.00540404
hushem,anifa,frozen_raw_lr,4,28,48,33,13,0.00453386,0.0880127,3.05805,0.00540404,0.00453386,0.00540404
hushem,anifa,kilic_lite,0,26,97,79,8,8.37794e-16,0.312093,7.45388,1.07769e-07,1.67559e-15,2.15538e-07
hushem,anifa,kilic_lite,1,35,100,72,7,1.05907e-14,0.312093,7.45388,1.07769e-07,2.11814e-14,2.15538e-07
hushem,anifa,kilic_lite,2,30,92,70,8,1.7449e-13,0.312093,7.45388,1.07769e-07,3.48981e-13,2.15538e-07
hushem,anifa,kilic_lite,3,32,99,76,9,2.40536e-14,0.312093,7.45388,1.07769e-07,4.81072e-14,2.15538e-07
hushem,anifa,kilic_lite,4,28,100,79,7,1.52005e-16,0.312093,7.45388,1.07769e-07,3.0401e-16,2.15538e-07
smids,anifa,frozen_raw_lr,0,340,444,235,131,5.98576e-08,0.026676,2.94982,0.00698929,5.98576e-08,0.00698929
smids,anifa,frozen_raw_lr,1,361,440,224,145,4.60233e-05,0.026676,2.94982,0.00698929,4.60233e-05,0.00698929
smids,anifa,frozen_raw_lr,2,353,430,216,139,5.15767e-05,0.026676,2.94982,0.00698929,5.15767e-05,0.00698929
smids,anifa,frozen_raw_lr,3,363,427,209,145,0.000789202,0.026676,2.94982,0.00698929,0.000789202,0.00698929
smids,anifa,frozen_raw_lr,4,355,424,200,131,0.000176826,0.026676,2.94982,0.00698929,0.000176826,0.00698929
smids,anifa,kilic_lite,0,340,480,292,152,2.9062e-11,0.0478501,5.50285,1.17046e-05,5.81241e-11,2.34092e-05
smids,anifa,kilic_lite,1,361,484,275,152,2.77802e-09,0.0478501,5.50285,1.17046e-05,5.55605e-09,2.34092e-05
smids,anifa,kilic_lite,2,353,507,302,148,3.24899e-13,0.0478501,5.50285,1.17046e-05,6.49798e-13,2.34092e-05
smids,anifa,kilic_lite,3,363,491,280,152,7.5307e-10,0.0478501,5.50285,1.17046e-05,1.50614e-09,2.34092e-05
smids,anifa,kilic_lite,4,355,515,305,145,3.57454e-14,0.0478501,5.50285,1.17046e-05,7.14909e-14,2.34092e-05
