dataset,method,train_fraction,acc_mean,acc_sd,errors
hushem,anifa,0.250000,0.782347,0.053787,47
hushem,anifa,0.500000,0.851903,0.026077,32
hushem,anifa,0.750000,0.874947,0.051085,27
hushem,anifa,1.000000,0.879598,0.019650,26
hushem,frozen_raw_lr,0.250000,0.597357,0.046464,87
hushem,frozen_raw_lr,0.500000,0.708562,0.078569,63
hushem,frozen_raw_lr,0.750000,0.768922,0.071240,50
hushem,frozen_raw_lr,1.000000,0.768816,0.064003,50
hushem,kilic_lite,0.250000,0.388795,0.075314,132
hushem,kilic_lite,0.500000,0.551586,0.131390,97
hushem,kilic_lite,0.750000,0.542283,0.103842,99
hushem,kilic_lite,1.000000,0.551374,0.094766,97
smids,anifa,0.250000,0.866993,0.015088,392
smids,anifa,0.500000,0.868353,0.018183,388
smids,anifa,0.750000,0.877517,0.022001,361
smids,anifa,1.000000,0.884646,0.026041,340
smids,frozen_raw_lr,0.250000,0.820843,0.014440,528
smids,frozen_raw_lr,0.500000,0.839508,0.016167,473
smids,frozen_raw_lr,0.750000,0.846288,0.013816,453
smids,frozen_raw_lr,1.000000,0.849345,0.013448,444
smids,kilic_lite,0.250000,0.794036,0.023741,607
smids,kilic_lite,0.500000,0.812362,0.018933,553
smids,kilic_lite,0.750000,0.824571,0.011595,517
smids,kilic_lite,1.000000,0.837132,0.018120,480
