dataset,method,n_folds,repeats,acc_mean,acc_sd,errors_per_repeat_mean,errors_per_repeat_min,errors_per_repeat_max,n_images
hushem,anifa,25,5,0.860338,0.047894,30.200000,26,35,216
hushem,frozen_raw_lr,25,5,0.772326,0.050216,49.200000,48,51,216
hushem,kilic_lite,25,5,0.548245,0.069748,97.600000,92,100,216
hushem,anifa_hard_frame,5,1,0.865645,0.030747,29.000000,29,29,216
hushem,anifa_uniform_frame,5,1,0.884038,0.046912,25.000000,25,25,216
hushem,anifa_single_view,5,1,0.833192,0.045248,36.000000,36,36,216
hushem,anifa_no_shape,5,1,0.810042,0.070923,41.000000,41,41,216
hushem,anifa_unanchored_d4,5,1,0.875159,0.062306,27.000000,27,27,216
hushem,shape_only,5,1,0.832981,0.051200,36.000000,36,36,216
smids,anifa,25,5,0.879749,0.014970,354.400000,340,363,2947
smids,frozen_raw_lr,25,5,0.853073,0.013722,433.000000,424,444,2947
smids,kilic_lite,25,5,0.831898,0.013482,495.400000,480,515,2947
smids,anifa_hard_frame,5,1,0.884646,0.025792,340.000000,340,340,2947
smids,anifa_uniform_frame,5,1,0.881251,0.024574,350.000000,350,350,2947
smids,anifa_single_view,5,1,0.882946,0.023071,345.000000,345,345,2947
smids,anifa_no_shape,5,1,0.860542,0.008971,411.000000,411,411,2947
smids,shape_only,5,1,0.851725,0.022549,437.000000,437,437,2947
