seed,fold,n_test,test_images_with_identical_train_image,leaked_with_conflicting_label
0,0,600,21,1
0,1,600,18,3
0,2,600,10,1
0,3,600,20,1
0,4,600,19,0
1,0,600,15,1
1,1,600,16,2
1,2,600,12,1
1,3,600,20,1
1,4,600,9,1
2,0,600,21,2
2,1,600,11,1
2,2,600,17,1
2,3,600,13,1
2,4,600,18,3
3,0,600,15,2
3,1,600,17,0
3,2,600,16,1
3,3,600,18,0
3,4,600,16,3
4,0,600,20,4
4,1,600,12,0
4,2,600,21,3
4,3,600,12,1
4,4,600,13,0
5,0,600,11,3
5,1,600,14,2
5,2,600,16,2
5,3,600,17,1
5,4,600,16,0
6,0,600,13,1
6,1,600,17,1
6,2,600,18,1
6,3,600,13,1
6,4,600,21,2
7,0,600,17,1
7,1,600,16,2
7,2,600,17,3
7,3,600,13,1
7,4,600,13,1
8,0,600,14,2
8,1,600,15,2
8,2,600,18,1
8,3,600,17,1
8,4,600,10,0
9,0,600,16,1
9,1,600,14,0
9,2,600,18,2
9,3,600,14,1
9,4,600,22,0
10,0,600,18,3
10,1,600,15,1
10,2,600,9,0
10,3,600,18,2
10,4,600,16,2
11,0,600,13,2
11,1,600,18,0
11,2,600,20,0
11,3,600,13,0
11,4,600,16,2
12,0,600,14,0
12,1,600,17,2
12,2,600,16,1
12,3,600,16,1
12,4,600,11,0
13,0,600,13,0
13,1,600,11,0
13,2,600,16,1
13,3,600,15,2
13,4,600,13,1
14,0,600,24,1
14,1,600,14,0
14,2,600,22,2
14,3,600,10,0
14,4,600,12,1
15,0,600,19,1
15,1,600,18,3
15,2,600,19,3
15,3,600,14,0
15,4,600,16,1
16,0,600,19,2
16,1,600,17,0
16,2,600,17,4
16,3,600,14,0
16,4,600,13,2
17,0,600,18,1
17,1,600,19,2
17,2,600,14,2
17,3,600,17,2
17,4,600,16,1
18,0,600,17,1
18,1,600,16,1
18,2,600,16,1
18,3,600,15,0
18,4,600,14,1
19,0,600,16,2
19,1,600,17,2
19,2,600,20,2
19,3,600,8,1
19,4,600,19,1
20,0,600,21,3
20,1,600,14,0
20,2,600,19,2
20,3,600,13,1
20,4,600,15,2
21,0,600,20,0
21,1,600,13,2
21,2,600,17,2
21,3,600,16,2
21,4,600,16,2
22,0,600,16,0
22,1,600,22,3
22,2,600,15,3
22,3,600,10,1
22,4,600,15,1
23,0,600,15,0
23,1,600,23,2
23,2,600,14,1
23,3,600,17,1
23,4,600,13,0
24,0,600,14,1
24,1,600,16,1
24,2,600,16,1
24,3,600,14,2
24,4,600,12,1
25,0,600,16,1
25,1,600,16,1
25,2,600,17,1
25,3,600,24,4
25,4,600,13,1
26,0,600,13,2
26,1,600,13,1
26,2,600,15,1
26,3,600,18,3
26,4,600,13,1
27,0,600,16,1
27,1,600,18,2
27,2,600,13,1
27,3,600,17,1
27,4,600,14,1
28,0,600,18,3
28,1,600,13,0
28,2,600,14,1
28,3,600,18,2
28,4,600,13,0
29,0,600,16,1
29,1,600,11,2
29,2,600,13,1
29,3,600,18,1
29,4,600,20,1
30,0,600,12,1
30,1,600,19,2
30,2,600,14,1
30,3,600,23,2
30,4,600,14,0
31,0,600,16,1
31,1,600,16,2
31,2,600,16,0
31,3,600,16,1
31,4,600,20,2
32,0,600,12,1
32,1,600,14,1
32,2,600,14,0
32,3,600,15,0
32,4,600,13,0
33,0,600,12,2
33,1,600,20,1
33,2,600,22,3
33,3,600,11,0
33,4,600,19,2
34,0,600,10,0
34,1,600,16,3
34,2,600,21,2
34,3,600,18,1
34,4,600,15,0
35,0,600,12,0
35,1,600,16,0
35,2,600,17,3
35,3,600,17,2
35,4,600,14,1
36,0,600,11,0
36,1,600,15,3
36,2,600,21,1
36,3,600,14,0
36,4,600,15,2
37,0,600,16,1
37,1,600,16,2
37,2,600,16,1
37,3,600,14,1
37,4,600,20,3
38,0,600,22,3
38,1,600,16,2
38,2,600,11,0
38,3,600,16,1
38,4,600,17,0
39,0,600,11,1
39,1,600,11,0
39,2,600,14,1
39,3,600,18,3
39,4,600,18,3
40,0,600,22,0
40,1,600,11,1
40,2,600,18,1
40,3,600,15,3
40,4,600,12,3
41,0,600,15,1
41,1,600,18,2
41,2,600,19,1
41,3,600,18,1
41,4,600,14,1
42,0,600,14,1
42,1,600,12,2
42,2,600,13,1
42,3,600,19,3
42,4,600,16,1
43,0,600,18,0
43,1,600,18,1
43,2,600,13,1
43,3,600,19,3
43,4,600,18,3
44,0,600,15,1
44,1,600,19,1
44,2,600,17,2
44,3,600,15,2
44,4,600,16,2
45,0,600,15,1
45,1,600,17,1
45,2,600,14,0
45,3,600,17,2
45,4,600,19,2
46,0,600,20,1
46,1,600,13,0
46,2,600,20,2
46,3,600,8,1
46,4,600,19,0
47,0,600,17,2
47,1,600,16,2
47,2,600,11,1
47,3,600,10,1
47,4,600,18,0
48,0,600,21,1
48,1,600,21,3
48,2,600,11,2
48,3,600,14,1
48,4,600,21,1
49,0,600,12,1
49,1,600,18,1
49,2,600,13,2
49,3,600,19,2
49,4,600,10,0
50,0,600,16,2
50,1,600,18,3
50,2,600,13,1
50,3,600,14,1
50,4,600,11,1
51,0,600,18,2
51,1,600,16,2
51,2,600,12,2
51,3,600,18,0
51,4,600,18,0
52,0,600,17,1
52,1,600,20,1
52,2,600,16,1
52,3,600,14,2
52,4,600,13,1
53,0,600,14,0
53,1,600,14,2
53,2,600,18,2
53,3,600,14,2
53,4,600,20,0
54,0,600,15,1
54,1,600,17,0
54,2,600,15,1
54,3,600,14,0
54,4,600,15,2
55,0,600,18,0
55,1,600,21,2
55,2,600,16,1
55,3,600,19,2
55,4,600,10,3
56,0,600,10,2
56,1,600,19,1
56,2,600,19,1
56,3,600,15,0
56,4,600,9,2
57,0,600,13,1
57,1,600,17,0
57,2,600,15,2
57,3,600,22,2
57,4,600,17,1
58,0,600,12,1
58,1,600,16,2
58,2,600,18,3
58,3,600,17,0
58,4,600,19,2
59,0,600,22,4
59,1,600,17,1
59,2,600,12,0
59,3,600,15,3
59,4,600,18,0
60,0,600,13,0
60,1,600,26,1
60,2,600,13,0
60,3,600,15,2
60,4,600,19,1
61,0,600,21,1
61,1,600,16,2
61,2,600,13,0
61,3,600,17,2
61,4,600,17,1
62,0,600,14,1
62,1,600,18,2
62,2,600,13,0
62,3,600,20,1
62,4,600,15,2
63,0,600,18,1
63,1,600,18,2
63,2,600,19,2
63,3,600,13,1
63,4,600,10,0
64,0,600,12,0
64,1,600,18,1
64,2,600,14,1
64,3,600,15,1
64,4,600,15,1
65,0,600,11,0
65,1,600,16,2
65,2,600,15,0
65,3,600,21,2
65,4,600,15,2
66,0,600,21,2
66,1,600,14,2
66,2,600,16,0
66,3,600,18,2
66,4,600,15,0
67,0,600,18,4
67,1,600,17,0
67,2,600,11,0
67,3,600,18,1
67,4,600,12,3
68,0,600,14,3
68,1,600,15,1
68,2,600,11,0
68,3,600,25,2
68,4,600,11,0
69,0,600,15,2
69,1,600,17,1
69,2,600,13,0
69,3,600,19,2
69,4,600,14,1
70,0,600,19,3
70,1,600,10,1
70,2,600,10,1
70,3,600,18,2
70,4,600,17,1
71,0,600,18,2
71,1,600,15,2
71,2,600,12,1
71,3,600,23,2
71,4,600,22,1
72,0,600,11,0
72,1,600,18,2
72,2,600,20,1
72,3,600,20,1
72,4,600,9,0
73,0,600,19,2
73,1,600,18,2
73,2,600,14,1
73,3,600,17,1
73,4,600,22,2
74,0,600,23,2
74,1,600,23,2
74,2,600,18,1
74,3,600,18,2
74,4,600,12,1
75,0,600,18,2
75,1,600,13,0
75,2,600,16,1
75,3,600,15,1
75,4,600,16,2
76,0,600,17,2
76,1,600,12,1
76,2,600,14,1
76,3,600,12,1
76,4,600,15,1
77,0,600,18,2
77,1,600,17,1
77,2,600,13,0
77,3,600,18,3
77,4,600,20,2
78,0,600,18,2
78,1,600,17,1
78,2,600,19,2
78,3,600,14,1
78,4,600,12,0
79,0,600,15,0
79,1,600,21,2
79,2,600,11,1
79,3,600,17,1
79,4,600,12,2
80,0,600,20,1
80,1,600,13,0
80,2,600,14,1
80,3,600,22,4
80,4,600,13,2
81,0,600,16,0
81,1,600,16,2
81,2,600,15,1
81,3,600,14,1
81,4,600,11,2
82,0,600,20,1
82,1,600,13,2
82,2,600,16,0
82,3,600,13,1
82,4,600,12,0
83,0,600,15,2
83,1,600,15,1
83,2,600,13,1
83,3,600,23,1
83,4,600,20,3
84,0,600,12,2
84,1,600,19,0
84,2,600,16,2
84,3,600,17,1
84,4,600,14,1
85,0,600,15,1
85,1,600,20,2
85,2,600,17,2
85,3,600,19,3
85,4,600,17,0
86,0,600,18,1
86,1,600,16,1
86,2,600,17,1
86,3,600,11,2
86,4,600,14,1
87,0,600,14,2
87,1,600,16,1
87,2,600,21,2
87,3,600,15,1
87,4,600,16,0
88,0,600,14,1
88,1,600,12,2
88,2,600,18,1
88,3,600,15,2
88,4,600,7,2
89,0,600,18,2
89,1,600,15,1
89,2,600,16,2
89,3,600,16,1
89,4,600,15,0
90,0,600,17,1
90,1,600,19,1
90,2,600,11,1
90,3,600,17,3
90,4,600,14,0
91,0,600,14,0
91,1,600,15,1
91,2,600,19,2
91,3,600,15,0
91,4,600,21,3
92,0,600,13,2
92,1,600,19,0
92,2,600,16,0
92,3,600,21,1
92,4,600,17,1
93,0,600,11,3
93,1,600,23,2
93,2,600,13,1
93,3,600,23,0
93,4,600,12,0
94,0,600,17,1
94,1,600,11,1
94,2,600,18,0
94,3,600,20,2
94,4,600,16,2
95,0,600,17,1
95,1,600,12,0
95,2,600,12,2
95,3,600,15,3
95,4,600,20,2
96,0,600,13,1
96,1,600,13,1
96,2,600,20,1
96,3,600,16,1
96,4,600,18,0
97,0,600,17,3
97,1,600,12,1
97,2,600,13,0
97,3,600,18,2
97,4,600,10,0
98,0,600,17,1
98,1,600,16,0
98,2,600,12,0
98,3,600,10,1
98,4,600,11,0
99,0,600,18,3
99,1,600,11,1
99,2,600,15,1
99,3,600,11,0
99,4,600,17,1
100,0,600,17,2
100,1,600,19,2
100,2,600,12,0
100,3,600,19,1
100,4,600,11,1
101,0,600,13,0
101,1,600,16,1
101,2,600,14,0
101,3,600,22,2
101,4,600,15,3
102,0,600,17,1
102,1,600,10,0
102,2,600,11,2
102,3,600,19,2
102,4,600,13,1
103,0,600,12,1
103,1,600,20,3
103,2,600,17,2
103,3,600,15,1
103,4,600,18,1
104,0,600,18,3
104,1,600,12,1
104,2,600,10,0
104,3,600,15,1
104,4,600,17,1
105,0,600,17,1
105,1,600,13,0
105,2,600,20,3
105,3,600,10,0
105,4,600,14,2
106,0,600,22,0
106,1,600,13,2
106,2,600,17,2
106,3,600,17,1
106,4,600,15,3
107,0,600,11,1
107,1,600,19,1
107,2,600,12,1
107,3,600,15,1
107,4,600,25,2
108,0,600,13,1
108,1,600,11,0
108,2,600,19,2
108,3,600,16,2
108,4,600,15,1
109,0,600,11,1
109,1,600,14,0
109,2,600,17,2
109,3,600,15,1
109,4,600,13,2
110,0,600,17,2
110,1,600,17,1
110,2,600,15,1
110,3,600,21,4
110,4,600,10,0
111,0,600,13,1
111,1,600,14,1
111,2,600,19,1
111,3,600,15,1
111,4,600,13,0
112,0,600,14,0
112,1,600,13,2
112,2,600,16,2
112,3,600,17,2
112,4,600,16,0
113,0,600,16,0
113,1,600,20,2
113,2,600,13,1
113,3,600,21,2
113,4,600,16,1
114,0,600,18,0
114,1,600,17,0
114,2,600,17,2
114,3,600,18,1
114,4,600,12,1
115,0,600,12,1
115,1,600,13,0
115,2,600,16,1
115,3,600,20,2
115,4,600,15,0
116,0,600,20,1
116,1,600,13,1
116,2,600,15,0
116,3,600,16,1
116,4,600,14,3
117,0,600,17,2
117,1,600,13,2
117,2,600,25,1
117,3,600,14,0
117,4,600,15,3
118,0,600,18,2
118,1,600,16,0
118,2,600,21,1
118,3,600,13,1
118,4,600,16,2
119,0,600,13,1
119,1,600,20,0
119,2,600,21,2
119,3,600,18,3
119,4,600,16,2
120,0,600,14,1
120,1,600,17,0
120,2,600,11,0
120,3,600,16,1
120,4,600,16,2
121,0,600,22,2
121,1,600,16,2
121,2,600,15,1
121,3,600,9,1
121,4,600,14,2
122,0,600,13,0
122,1,600,14,1
122,2,600,15,1
122,3,600,19,2
122,4,600,17,2
123,0,600,16,2
123,1,600,14,2
123,2,600,11,2
123,3,600,11,1
123,4,600,20,1
124,0,600,15,1
124,1,600,18,1
124,2,600,20,3
124,3,600,14,2
124,4,600,19,1
125,0,600,14,1
125,1,600,21,2
125,2,600,17,0
125,3,600,15,1
125,4,600,13,2
126,0,600,18,3
126,1,600,17,0
126,2,600,10,0
126,3,600,21,4
126,4,600,12,1
127,0,600,13,1
127,1,600,13,1
127,2,600,15,1
127,3,600,20,2
127,4,600,15,1
128,0,600,10,0
128,1,600,17,2
128,2,600,14,1
128,3,600,18,3
128,4,600,15,0
129,0,600,22,2
129,1,600,14,2
129,2,600,15,1
129,3,600,17,1
129,4,600,6,0
130,0,600,15,1
130,1,600,18,3
130,2,600,17,2
130,3,600,14,0
130,4,600,18,2
131,0,600,12,1
131,1,600,18,1
131,2,600,17,1
131,3,600,23,2
131,4,600,12,1
132,0,600,15,1
132,1,600,14,1
132,2,600,18,2
132,3,600,13,1
132,4,600,16,1
133,0,600,15,1
133,1,600,17,1
133,2,600,14,1
133,3,600,15,0
133,4,600,11,1
134,0,600,13,1
134,1,600,13,1
134,2,600,13,2
134,3,600,22,3
134,4,600,15,1
135,0,600,16,2
135,1,600,17,1
135,2,600,11,1
135,3,600,13,1
135,4,600,19,3
136,0,600,14,1
136,1,600,16,1
136,2,600,16,3
136,3,600,18,0
136,4,600,14,1
137,0,600,12,1
137,1,600,14,1
137,2,600,19,2
137,3,600,13,1
137,4,600,14,1
138,0,600,15,2
138,1,600,16,0
138,2,600,18,2
138,3,600,14,1
138,4,600,13,1
139,0,600,17,1
139,1,600,18,3
139,2,600,20,2
139,3,600,18,0
139,4,600,15,2
140,0,600,19,2
140,1,600,13,0
140,2,600,18,1
140,3,600,16,2
140,4,600,14,1
141,0,600,14,0
141,1,600,15,1
141,2,600,16,1
141,3,600,15,2
141,4,600,16,0
142,0,600,11,0
142,1,600,18,2
142,2,600,14,1
142,3,600,19,2
142,4,600,20,1
143,0,600,20,1
143,1,600,17,0
143,2,600,19,3
143,3,600,11,0
143,4,600,15,4
144,0,600,13,2
144,1,600,19,1
144,2,600,18,2
144,3,600,17,1
144,4,600,15,0
145,0,600,15,2
145,1,600,16,1
145,2,600,15,2
145,3,600,14,2
145,4,600,18,1
146,0,600,19,2
146,1,600,16,0
146,2,600,19,0
146,3,600,14,1
146,4,600,22,3
147,0,600,16,1
147,1,600,21,2
147,2,600,13,0
147,3,600,10,2
147,4,600,20,1
148,0,600,15,2
148,1,600,14,0
148,2,600,18,2
148,3,600,18,2
148,4,600,17,2
149,0,600,19,1
149,1,600,13,4
149,2,600,7,0
149,3,600,16,0
149,4,600,23,3
150,0,600,17,0
150,1,600,14,1
150,2,600,18,2
150,3,600,19,2
150,4,600,16,1
151,0,600,12,0
151,1,600,22,4
151,2,600,15,1
151,3,600,20,2
151,4,600,17,1
152,0,600,17,3
152,1,600,16,1
152,2,600,14,1
152,3,600,18,1
152,4,600,13,2
153,0,600,13,1
153,1,600,17,0
153,2,600,13,1
153,3,600,13,0
153,4,600,18,0
154,0,600,18,2
154,1,600,16,1
154,2,600,19,1
154,3,600,19,2
154,4,600,16,2
155,0,600,17,1
155,1,600,16,3
155,2,600,14,1
155,3,600,14,1
155,4,600,15,0
156,0,600,12,1
156,1,600,15,1
156,2,600,15,2
156,3,600,20,1
156,4,600,14,1
157,0,600,10,2
157,1,600,16,0
157,2,600,9,0
157,3,600,15,2
157,4,600,20,4
158,0,600,15,1
158,1,600,16,3
158,2,600,15,1
158,3,600,16,1
158,4,600,22,2
159,0,600,19,0
159,1,600,14,0
159,2,600,19,2
159,3,600,17,3
159,4,600,17,1
160,0,600,17,2
160,1,600,15,1
160,2,600,21,1
160,3,600,17,2
160,4,600,16,0
161,0,600,9,2
161,1,600,17,1
161,2,600,21,1
161,3,600,16,1
161,4,600,15,1
162,0,600,21,0
162,1,600,19,2
162,2,600,18,1
162,3,600,14,1
162,4,600,16,2
163,0,600,12,0
163,1,600,17,3
163,2,600,9,0
163,3,600,11,0
163,4,600,17,3
164,0,600,15,1
164,1,600,20,4
164,2,600,20,2
164,3,600,8,0
164,4,600,13,1
165,0,600,22,1
165,1,600,12,3
165,2,600,16,2
165,3,600,19,2
165,4,600,13,0
166,0,600,20,1
166,1,600,18,2
166,2,600,17,2
166,3,600,14,1
166,4,600,11,2
167,0,600,14,2
167,1,600,15,1
167,2,600,18,2
167,3,600,15,0
167,4,600,14,1
168,0,600,13,2
168,1,600,17,1
168,2,600,12,1
168,3,600,27,1
168,4,600,17,3
169,0,600,16,2
169,1,600,20,1
169,2,600,18,1
169,3,600,16,2
169,4,600,12,2
170,0,600,19,0
170,1,600,18,2
170,2,600,17,0
170,3,600,14,1
170,4,600,16,1
171,0,600,12,1
171,1,600,16,2
171,2,600,14,1
171,3,600,12,0
171,4,600,18,0
172,0,600,16,1
172,1,600,15,1
172,2,600,16,3
172,3,600,14,0
172,4,600,15,1
173,0,600,14,1
173,1,600,11,0
173,2,600,17,0
173,3,600,18,1
173,4,600,20,2
174,0,600,13,1
174,1,600,16,1
174,2,600,19,1
174,3,600,14,2
174,4,600,14,1
175,0,600,15,0
175,1,600,19,2
175,2,600,13,0
175,3,600,14,2
175,4,600,13,0
176,0,600,16,2
176,1,600,16,1
176,2,600,17,2
176,3,600,19,1
176,4,600,18,2
177,0,600,14,0
177,1,600,16,1
177,2,600,22,3
177,3,600,16,1
177,4,600,18,3
178,0,600,15,3
178,1,600,15,0
178,2,600,15,2
178,3,600,17,1
178,4,600,16,2
179,0,600,18,0
179,1,600,15,2
179,2,600,18,1
179,3,600,19,2
179,4,600,14,1
180,0,600,13,2
180,1,600,19,2
180,2,600,12,1
180,3,600,13,1
180,4,600,17,2
181,0,600,11,1
181,1,600,14,3
181,2,600,17,1
181,3,600,14,1
181,4,600,18,0
182,0,600,14,3
182,1,600,25,3
182,2,600,16,1
182,3,600,13,0
182,4,600,18,1
183,0,600,18,2
183,1,600,20,3
183,2,600,12,1
183,3,600,15,0
183,4,600,13,2
184,0,600,11,2
184,1,600,11,0
184,2,600,12,1
184,3,600,20,1
184,4,600,20,2
185,0,600,14,1
185,1,600,16,2
185,2,600,18,1
185,3,600,15,2
185,4,600,17,2
186,0,600,15,2
186,1,600,16,1
186,2,600,16,1
186,3,600,14,1
186,4,600,19,3
187,0,600,19,2
187,1,600,14,1
187,2,600,20,1
187,3,600,14,1
187,4,600,15,1
188,0,600,21,0
188,1,600,10,1
188,2,600,15,2
188,3,600,15,2
188,4,600,17,1
189,0,600,17,1
189,1,600,25,1
189,2,600,12,2
189,3,600,17,1
189,4,600,15,1
190,0,600,18,2
190,1,600,12,1
190,2,600,14,1
190,3,600,16,1
190,4,600,16,1
191,0,600,21,1
191,1,600,18,2
191,2,600,11,1
191,3,600,16,2
191,4,600,10,2
192,0,600,20,0
192,1,600,10,1
192,2,600,16,1
192,3,600,12,1
192,4,600,14,3
193,0,600,13,2
193,1,600,18,1
193,2,600,15,3
193,3,600,16,1
193,4,600,14,1
194,0,600,17,1
194,1,600,15,0
194,2,600,11,1
194,3,600,18,2
194,4,600,19,2
195,0,600,14,0
195,1,600,15,2
195,2,600,17,1
195,3,600,12,1
195,4,600,18,2
196,0,600,16,2
196,1,600,12,1
196,2,600,16,0
196,3,600,11,1
196,4,600,15,0
197,0,600,15,1
197,1,600,19,2
197,2,600,14,1
197,3,600,13,2
197,4,600,15,2
198,0,600,20,2
198,1,600,11,2
198,2,600,20,2
198,3,600,22,2
198,4,600,17,0
199,0,600,11,1
199,1,600,17,2
199,2,600,13,0
199,3,600,22,3
199,4,600,17,0
200,0,600,15,2
200,1,600,18,2
200,2,600,13,2
200,3,600,13,0
200,4,600,17,2
201,0,600,20,1
201,1,600,18,2
201,2,600,15,1
201,3,600,13,0
201,4,600,16,0
202,0,600,12,2
202,1,600,17,1
202,2,600,12,0
202,3,600,14,0
202,4,600,15,1
203,0,600,14,0
203,1,600,13,1
203,2,600,17,2
203,3,600,13,1
203,4,600,17,0
204,0,600,16,1
204,1,600,11,1
204,2,600,15,1
204,3,600,13,1
204,4,600,17,2
205,0,600,17,3
205,1,600,12,0
205,2,600,17,2
205,3,600,12,1
205,4,600,16,2
206,0,600,12,2
206,1,600,15,2
206,2,600,18,1
206,3,600,18,2
206,4,600,19,1
207,0,600,14,0
207,1,600,15,2
207,2,600,16,2
207,3,600,18,0
207,4,600,17,2
208,0,600,15,2
208,1,600,14,0
208,2,600,14,0
208,3,600,12,2
208,4,600,13,0
209,0,600,12,2
209,1,600,16,0
209,2,600,16,1
209,3,600,13,3
209,4,600,13,0
210,0,600,14,1
210,1,600,19,2
210,2,600,12,1
210,3,600,14,1
210,4,600,17,1
211,0,600,19,1
211,1,600,15,1
211,2,600,17,0
211,3,600,17,2
211,4,600,8,2
212,0,600,20,3
212,1,600,17,0
212,2,600,19,1
212,3,600,15,1
212,4,600,17,3
213,0,600,19,1
213,1,600,16,2
213,2,600,11,1
213,3,600,17,2
213,4,600,11,0
214,0,600,18,1
214,1,600,16,1
214,2,600,7,1
214,3,600,17,2
214,4,600,14,1
215,0,600,15,0
215,1,600,15,2
215,2,600,7,1
215,3,600,20,2
215,4,600,15,1
216,0,600,16,1
216,1,600,14,2
216,2,600,8,0
216,3,600,16,0
216,4,600,14,1
217,0,600,19,1
217,1,600,11,0
217,2,600,17,1
217,3,600,18,1
217,4,600,15,1
218,0,600,14,1
218,1,600,14,2
218,2,600,15,0
218,3,600,12,2
218,4,600,19,3
219,0,600,15,1
219,1,600,19,1
219,2,600,8,0
219,3,600,14,0
219,4,600,14,0
220,0,600,15,1
220,1,600,20,2
220,2,600,14,1
220,3,600,16,2
220,4,600,11,0
221,0,600,12,0
221,1,600,13,1
221,2,600,16,2
221,3,600,17,1
221,4,600,16,2
222,0,600,19,1
222,1,600,14,1
222,2,600,13,1
222,3,600,14,2
222,4,600,16,1
223,0,600,22,2
223,1,600,16,1
223,2,600,16,0
223,3,600,19,2
223,4,600,17,3
224,0,600,16,1
224,1,600,18,1
224,2,600,15,2
224,3,600,16,2
224,4,600,17,2
225,0,600,11,1
225,1,600,14,1
225,2,600,19,0
225,3,600,14,2
225,4,600,16,0
226,0,600,11,1
226,1,600,11,2
226,2,600,13,2
226,3,600,16,1
226,4,600,13,2
227,0,600,17,3
227,1,600,14,1
227,2,600,21,1
227,3,600,12,0
227,4,600,16,1
228,0,600,18,1
228,1,600,12,0
228,2,600,17,0
228,3,600,11,1
228,4,600,12,2
229,0,600,22,1
229,1,600,16,1
229,2,600,13,1
229,3,600,19,2
229,4,600,18,1
230,0,600,11,1
230,1,600,16,2
230,2,600,14,1
230,3,600,10,0
230,4,600,19,2
231,0,600,17,2
231,1,600,11,2
231,2,600,15,1
231,3,600,15,1
231,4,600,16,2
232,0,600,16,1
232,1,600,10,0
232,2,600,12,1
232,3,600,18,2
232,4,600,18,2
233,0,600,16,2
233,1,600,22,2
233,2,600,18,2
233,3,600,12,1
233,4,600,18,1
234,0,600,13,3
234,1,600,19,0
234,2,600,15,1
234,3,600,18,2
234,4,600,15,0
235,0,600,17,0
235,1,600,20,2
235,2,600,13,2
235,3,600,18,1
235,4,600,16,1
236,0,600,14,1
236,1,600,13,0
236,2,600,16,0
236,3,600,16,1
236,4,600,13,0
237,0,600,14,1
237,1,600,21,0
237,2,600,19,2
237,3,600,16,1
237,4,600,20,2
238,0,600,19,1
238,1,600,20,1
238,2,600,13,3
238,3,600,16,0
238,4,600,12,3
239,0,600,12,1
239,1,600,17,2
239,2,600,12,0
239,3,600,22,1
239,4,600,19,2
240,0,600,15,1
240,1,600,14,0
240,2,600,20,3
240,3,600,14,2
240,4,600,13,2
241,0,600,18,2
241,1,600,11,1
241,2,600,13,2
241,3,600,18,0
241,4,600,16,1
242,0,600,12,1
242,1,600,15,1
242,2,600,18,1
242,3,600,20,2
242,4,600,11,1
243,0,600,17,2
243,1,600,13,2
243,2,600,11,1
243,3,600,13,0
243,4,600,22,3
244,0,600,12,1
244,1,600,15,0
244,2,600,16,1
244,3,600,18,1
244,4,600,19,3
245,0,600,17,2
245,1,600,18,2
245,2,600,14,1
245,3,600,16,1
245,4,600,11,2
246,0,600,20,0
246,1,600,15,2
246,2,600,19,1
246,3,600,18,1
246,4,600,12,2
247,0,600,16,2
247,1,600,11,2
247,2,600,19,0
247,3,600,18,1
247,4,600,18,3
248,0,600,18,2
248,1,600,12,2
248,2,600,12,0
248,3,600,18,1
248,4,600,14,1
249,0,600,17,0
249,1,600,12,1
249,2,600,13,0
249,3,600,13,2
249,4,600,19,1
250,0,600,10,0
250,1,600,13,1
250,2,600,15,2
250,3,600,25,3
250,4,600,17,2
251,0,600,14,0
251,1,600,18,1
251,2,600,12,2
251,3,600,14,1
251,4,600,14,0
252,0,600,13,0
252,1,600,19,0
252,2,600,21,0
252,3,600,11,2
252,4,600,14,2
253,0,600,15,1
253,1,600,17,1
253,2,600,16,2
253,3,600,22,4
253,4,600,20,0
254,0,600,16,1
254,1,600,17,1
254,2,600,18,1
254,3,600,15,1
254,4,600,16,0
255,0,600,16,2
255,1,600,10,1
255,2,600,20,3
255,3,600,24,1
255,4,600,16,1
256,0,600,14,0
256,1,600,17,0
256,2,600,15,1
256,3,600,13,2
256,4,600,19,1
257,0,600,13,1
257,1,600,16,2
257,2,600,16,0
257,3,600,18,1
257,4,600,15,0
258,0,600,9,0
258,1,600,16,2
258,2,600,11,0
258,3,600,12,4
258,4,600,14,2
259,0,600,14,1
259,1,600,14,2
259,2,600,16,1
259,3,600,12,2
259,4,600,20,2
260,0,600,16,2
260,1,600,21,3
260,2,600,15,1
260,3,600,15,2
260,4,600,13,0
261,0,600,12,0
261,1,600,14,2
261,2,600,16,1
261,3,600,15,0
261,4,600,15,1
262,0,600,15,0
262,1,600,18,2
262,2,600,20,2
262,3,600,10,2
262,4,600,13,2
263,0,600,19,0
263,1,600,15,1
263,2,600,14,1
263,3,600,15,1
263,4,600,13,1
264,0,600,17,1
264,1,600,13,0
264,2,600,19,2
264,3,600,15,1
264,4,600,16,2
265,0,600,11,0
265,1,600,15,1
265,2,600,14,1
265,3,600,13,0
265,4,600,15,2
266,0,600,20,1
266,1,600,15,2
266,2,600,15,2
266,3,600,14,2
266,4,600,14,1
267,0,600,18,0
267,1,600,15,0
267,2,600,15,1
267,3,600,18,1
267,4,600,12,2
268,0,600,14,0
268,1,600,12,0
268,2,600,17,1
268,3,600,19,0
268,4,600,14,1
269,0,600,11,0
269,1,600,15,0
269,2,600,12,1
269,3,600,14,1
269,4,600,14,0
270,0,600,14,2
270,1,600,12,0
270,2,600,21,0
270,3,600,13,2
270,4,600,18,4
271,0,600,12,2
271,1,600,16,0
271,2,600,16,0
271,3,600,13,3
271,4,600,21,3
272,0,600,17,0
272,1,600,19,2
272,2,600,15,2
272,3,600,19,2
272,4,600,16,0
273,0,600,14,2
273,1,600,14,0
273,2,600,16,2
273,3,600,23,1
273,4,600,15,1
274,0,600,12,1
274,1,600,15,2
274,2,600,16,3
274,3,600,15,2
274,4,600,14,0
275,0,600,19,2
275,1,600,8,0
275,2,600,16,2
275,3,600,19,1
275,4,600,10,1
276,0,600,17,0
276,1,600,18,1
276,2,600,16,2
276,3,600,19,1
276,4,600,12,0
277,0,600,14,1
277,1,600,11,1
277,2,600,16,0
277,3,600,21,2
277,4,600,14,2
278,0,600,17,0
278,1,600,12,2
278,2,600,23,0
278,3,600,16,0
278,4,600,18,2
279,0,600,19,0
279,1,600,16,0
279,2,600,14,0
279,3,600,13,1
279,4,600,12,1
280,0,600,19,2
280,1,600,12,0
280,2,600,8,1
280,3,600,17,1
280,4,600,18,2
281,0,600,21,3
281,1,600,9,1
281,2,600,18,0
281,3,600,16,0
281,4,600,16,2
282,0,600,22,3
282,1,600,12,1
282,2,600,15,2
282,3,600,21,1
282,4,600,18,1
283,0,600,17,2
283,1,600,14,2
283,2,600,16,1
283,3,600,15,1
283,4,600,18,0
284,0,600,19,2
284,1,600,15,2
284,2,600,12,2
284,3,600,13,0
284,4,600,15,0
285,0,600,11,1
285,1,600,9,1
285,2,600,15,1
285,3,600,17,0
285,4,600,18,3
286,0,600,18,1
286,1,600,20,1
286,2,600,14,1
286,3,600,20,1
286,4,600,12,0
287,0,600,9,1
287,1,600,14,2
287,2,600,18,0
287,3,600,17,0
287,4,600,18,1
288,0,600,20,3
288,1,600,11,0
288,2,600,12,2
288,3,600,19,1
288,4,600,20,2
289,0,600,13,1
289,1,600,12,3
289,2,600,19,2
289,3,600,14,1
289,4,600,18,1
290,0,600,15,1
290,1,600,16,2
290,2,600,17,0
290,3,600,15,1
290,4,600,17,2
291,0,600,18,2
291,1,600,20,1
291,2,600,12,1
291,3,600,13,2
291,4,600,9,0
292,0,600,16,0
292,1,600,16,1
292,2,600,14,2
292,3,600,18,1
292,4,600,14,2
293,0,600,12,0
293,1,600,17,2
293,2,600,15,1
293,3,600,13,0
293,4,600,13,3
294,0,600,20,2
294,1,600,13,1
294,2,600,18,1
294,3,600,10,2
294,4,600,23,2
295,0,600,17,1
295,1,600,18,3
295,2,600,16,0
295,3,600,16,1
295,4,600,17,1
296,0,600,14,0
296,1,600,12,2
296,2,600,12,1
296,3,600,16,3
296,4,600,14,2
297,0,600,14,2
297,1,600,18,2
297,2,600,15,0
297,3,600,12,1
297,4,600,15,1
298,0,600,13,1
298,1,600,11,1
298,2,600,16,1
298,3,600,21,4
298,4,600,17,1
299,0,600,17,0
299,1,600,20,2
299,2,600,17,1
299,3,600,20,1
299,4,600,12,0
300,0,600,13,0
300,1,600,15,1
300,2,600,12,1
300,3,600,14,0
300,4,600,14,0
301,0,600,15,1
301,1,600,20,0
301,2,600,12,3
301,3,600,19,2
301,4,600,22,0
302,0,600,10,1
302,1,600,16,2
302,2,600,25,1
302,3,600,20,2
302,4,600,13,2
303,0,600,17,2
303,1,600,11,1
303,2,600,19,2
303,3,600,18,1
303,4,600,17,2
304,0,600,14,1
304,1,600,15,3
304,2,600,15,2
304,3,600,18,0
304,4,600,18,0
305,0,600,18,1
305,1,600,14,0
305,2,600,14,2
305,3,600,20,2
305,4,600,18,1
306,0,600,15,1
306,1,600,12,1
306,2,600,19,2
306,3,600,16,1
306,4,600,16,3
307,0,600,17,3
307,1,600,11,0
307,2,600,11,1
307,3,600,15,2
307,4,600,16,0
308,0,600,19,3
308,1,600,15,2
308,2,600,17,0
308,3,600,17,1
308,4,600,12,0
309,0,600,13,2
309,1,600,17,0
309,2,600,20,2
309,3,600,23,0
309,4,600,9,0
310,0,600,13,2
310,1,600,18,1
310,2,600,10,0
310,3,600,22,2
310,4,600,17,3
311,0,600,11,0
311,1,600,17,3
311,2,600,15,2
311,3,600,17,0
311,4,600,22,3
312,0,600,19,3
312,1,600,23,0
312,2,600,14,1
312,3,600,10,0
312,4,600,14,2
313,0,600,13,1
313,1,600,10,0
313,2,600,18,1
313,3,600,16,3
313,4,600,13,1
314,0,600,18,0
314,1,600,17,2
314,2,600,15,2
314,3,600,18,2
314,4,600,18,2
315,0,600,19,1
315,1,600,18,2
315,2,600,17,1
315,3,600,12,1
315,4,600,14,3
316,0,600,8,0
316,1,600,15,1
316,2,600,15,1
316,3,600,18,1
316,4,600,12,1
317,0,600,10,0
317,1,600,25,2
317,2,600,17,1
317,3,600,16,0
317,4,600,20,3
318,0,600,16,3
318,1,600,13,0
318,2,600,19,3
318,3,600,11,2
318,4,600,19,0
319,0,600,18,0
319,1,600,17,0
319,2,600,11,0
319,3,600,15,2
319,4,600,17,2
320,0,600,14,1
320,1,600,13,1
320,2,600,16,1
320,3,600,16,2
320,4,600,11,1
321,0,600,13,1
321,1,600,22,1
321,2,600,14,1
321,3,600,14,2
321,4,600,15,1
322,0,600,22,3
322,1,600,15,2
322,2,600,13,0
322,3,600,20,2
322,4,600,12,1
323,0,600,14,1
323,1,600,15,2
323,2,600,23,2
323,3,600,18,1
323,4,600,14,0
324,0,600,16,1
324,1,600,12,1
324,2,600,13,1
324,3,600,18,2
324,4,600,19,1
325,0,600,15,1
325,1,600,11,1
325,2,600,20,2
325,3,600,15,0
325,4,600,21,2
326,0,600,18,1
326,1,600,14,2
326,2,600,14,1
326,3,600,12,1
326,4,600,24,3
327,0,600,16,1
327,1,600,22,2
327,2,600,17,1
327,3,600,15,1
327,4,600,14,1
328,0,600,12,2
328,1,600,24,0
328,2,600,14,4
328,3,600,10,0
328,4,600,18,2
329,0,600,17,1
329,1,600,16,3
329,2,600,15,2
329,3,600,19,1
329,4,600,19,1
330,0,600,11,2
330,1,600,18,0
330,2,600,20,2
330,3,600,20,2
330,4,600,15,2
331,0,600,12,1
331,1,600,22,2
331,2,600,15,1
331,3,600,12,1
331,4,600,13,1
332,0,600,15,3
332,1,600,14,0
332,2,600,18,2
332,3,600,13,1
332,4,600,18,2
333,0,600,23,1
333,1,600,15,2
333,2,600,10,1
333,3,600,15,0
333,4,600,17,2
334,0,600,15,1
334,1,600,18,0
334,2,600,14,1
334,3,600,16,3
334,4,600,17,1
335,0,600,16,1
335,1,600,14,2
335,2,600,13,2
335,3,600,20,2
335,4,600,15,1
336,0,600,18,2
336,1,600,11,1
336,2,600,21,2
336,3,600,17,2
336,4,600,15,1
337,0,600,11,1
337,1,600,11,1
337,2,600,21,2
337,3,600,20,2
337,4,600,15,2
338,0,600,20,2
338,1,600,17,1
338,2,600,17,0
338,3,600,17,1
338,4,600,13,0
339,0,600,15,1
339,1,600,18,3
339,2,600,18,1
339,3,600,12,0
339,4,600,19,1
340,0,600,12,1
340,1,600,22,2
340,2,600,14,2
340,3,600,14,1
340,4,600,16,0
341,0,600,17,2
341,1,600,17,1
341,2,600,15,1
341,3,600,19,3
341,4,600,10,1
342,0,600,17,2
342,1,600,12,1
342,2,600,14,1
342,3,600,20,2
342,4,600,19,0
343,0,600,14,1
343,1,600,21,4
343,2,600,12,2
343,3,600,19,1
343,4,600,18,0
344,0,600,16,2
344,1,600,18,2
344,2,600,18,2
344,3,600,14,0
344,4,600,16,2
345,0,600,16,2
345,1,600,11,1
345,2,600,22,3
345,3,600,15,0
345,4,600,18,0
346,0,600,9,1
346,1,600,10,1
346,2,600,15,1
346,3,600,17,2
346,4,600,19,3
347,0,600,19,1
347,1,600,16,1
347,2,600,16,0
347,3,600,12,1
347,4,600,13,1
348,0,600,16,3
348,1,600,14,0
348,2,600,21,2
348,3,600,11,3
348,4,600,18,0
349,0,600,12,1
349,1,600,16,1
349,2,600,12,3
349,3,600,23,1
349,4,600,21,2
350,0,600,10,2
350,1,600,17,0
350,2,600,20,3
350,3,600,12,0
350,4,600,17,1
351,0,600,11,2
351,1,600,12,0
351,2,600,16,1
351,3,600,14,1
351,4,600,15,2
352,0,600,17,1
352,1,600,12,1
352,2,600,19,0
352,3,600,11,0
352,4,600,11,2
353,0,600,11,1
353,1,600,17,1
353,2,600,17,2
353,3,600,13,1
353,4,600,16,1
354,0,600,9,1
354,1,600,21,1
354,2,600,15,2
354,3,600,15,2
354,4,600,22,2
355,0,600,17,3
355,1,600,17,3
355,2,600,16,1
355,3,600,13,1
355,4,600,17,0
356,0,600,19,2
356,1,600,13,1
356,2,600,14,3
356,3,600,11,0
356,4,600,21,2
357,0,600,15,1
357,1,600,19,1
357,2,600,20,2
357,3,600,18,1
357,4,600,12,3
358,0,600,13,1
358,1,600,16,1
358,2,600,17,1
358,3,600,12,0
358,4,600,18,3
359,0,600,17,1
359,1,600,21,3
359,2,600,11,0
359,3,600,11,2
359,4,600,18,2
360,0,600,14,1
360,1,600,16,3
360,2,600,13,2
360,3,600,19,0
360,4,600,18,2
361,0,600,22,1
361,1,600,17,1
361,2,600,12,0
361,3,600,13,0
361,4,600,18,2
362,0,600,20,3
362,1,600,22,1
362,2,600,7,1
362,3,600,12,0
362,4,600,17,1
363,0,600,15,2
363,1,600,16,0
363,2,600,16,1
363,3,600,18,0
363,4,600,19,3
364,0,600,19,2
364,1,600,13,2
364,2,600,27,2
364,3,600,14,1
364,4,600,9,1
365,0,600,12,1
365,1,600,13,0
365,2,600,15,3
365,3,600,18,2
365,4,600,12,0
366,0,600,19,4
366,1,600,8,0
366,2,600,16,1
366,3,600,14,0
366,4,600,15,3
367,0,600,24,3
367,1,600,19,2
367,2,600,11,0
367,3,600,12,1
367,4,600,10,0
368,0,600,18,3
368,1,600,18,1
368,2,600,11,1
368,3,600,15,1
368,4,600,18,2
369,0,600,22,1
369,1,600,14,2
369,2,600,18,2
369,3,600,14,2
369,4,600,16,1
370,0,600,16,2
370,1,600,18,1
370,2,600,19,2
370,3,600,17,3
370,4,600,10,0
371,0,600,18,1
371,1,600,14,1
371,2,600,17,3
371,3,600,19,1
371,4,600,10,0
372,0,600,16,2
372,1,600,12,1
372,2,600,13,0
372,3,600,18,0
372,4,600,17,1
373,0,600,14,1
373,1,600,17,3
373,2,600,19,2
373,3,600,16,2
373,4,600,14,0
374,0,600,15,1
374,1,600,15,0
374,2,600,10,0
374,3,600,14,1
374,4,600,18,0
375,0,600,13,1
375,1,600,12,3
375,2,600,11,0
375,3,600,13,3
375,4,600,15,1
376,0,600,14,2
376,1,600,17,2
376,2,600,15,0
376,3,600,19,2
376,4,600,15,0
377,0,600,18,2
377,1,600,17,1
377,2,600,14,0
377,3,600,17,2
377,4,600,16,3
378,0,600,12,2
378,1,600,17,2
378,2,600,18,3
378,3,600,12,0
378,4,600,19,1
379,0,600,16,0
379,1,600,19,2
379,2,600,13,2
379,3,600,19,1
379,4,600,15,1
380,0,600,10,2
380,1,600,24,1
380,2,600,14,1
380,3,600,13,1
380,4,600,19,1
381,0,600,12,2
381,1,600,16,1
381,2,600,11,1
381,3,600,19,2
381,4,600,14,2
382,0,600,13,1
382,1,600,14,2
382,2,600,19,2
382,3,600,15,1
382,4,600,13,0
383,0,600,12,0
383,1,600,14,2
383,2,600,17,1
383,3,600,9,0
383,4,600,14,1
384,0,600,15,1
384,1,600,19,2
384,2,600,16,2
384,3,600,13,1
384,4,600,21,0
385,0,600,14,2
385,1,600,23,3
385,2,600,14,1
385,3,600,11,1
385,4,600,22,1
386,0,600,12,2
386,1,600,15,1
386,2,600,15,1
386,3,600,15,2
386,4,600,13,2
387,0,600,19,1
387,1,600,13,1
387,2,600,15,0
387,3,600,12,2
387,4,600,15,2
388,0,600,12,0
388,1,600,18,1
388,2,600,14,2
388,3,600,12,3
388,4,600,24,2
389,0,600,15,2
389,1,600,18,3
389,2,600,19,1
389,3,600,17,1
389,4,600,11,1
390,0,600,21,3
390,1,600,17,1
390,2,600,13,0
390,3,600,14,2
390,4,600,17,0
391,0,600,15,1
391,1,600,15,1
391,2,600,11,0
391,3,600,16,0
391,4,600,13,2
392,0,600,16,2
392,1,600,18,0
392,2,600,18,1
392,3,600,18,1
392,4,600,14,2
393,0,600,19,3
393,1,600,14,2
393,2,600,22,0
393,3,600,13,2
393,4,600,18,1
394,0,600,14,1
394,1,600,14,1
394,2,600,17,0
394,3,600,15,2
394,4,600,16,2
395,0,600,16,2
395,1,600,13,0
395,2,600,10,1
395,3,600,17,3
395,4,600,12,0
396,0,600,14,1
396,1,600,16,0
396,2,600,15,0
396,3,600,17,2
396,4,600,14,1
397,0,600,12,2
397,1,600,10,0
397,2,600,11,0
397,3,600,19,2
397,4,600,18,2
398,0,600,21,4
398,1,600,17,3
398,2,600,12,0
398,3,600,12,0
398,4,600,16,1
399,0,600,16,1
399,1,600,16,2
399,2,600,16,1
399,3,600,11,1
399,4,600,17,1
400,0,600,14,2
400,1,600,12,1
400,2,600,18,1
400,3,600,18,1
400,4,600,16,3
401,0,600,13,1
401,1,600,8,2
401,2,600,16,0
401,3,600,14,1
401,4,600,17,2
402,0,600,16,1
402,1,600,21,3
402,2,600,12,0
402,3,600,16,3
402,4,600,13,1
403,0,600,17,1
403,1,600,15,3
403,2,600,14,0
403,3,600,19,3
403,4,600,17,1
404,0,600,18,2
404,1,600,18,2
404,2,600,16,3
404,3,600,16,0
404,4,600,16,1
405,0,600,17,2
405,1,600,18,1
405,2,600,13,1
405,3,600,18,1
405,4,600,10,1
406,0,600,17,0
406,1,600,12,1
406,2,600,10,2
406,3,600,15,2
406,4,600,16,1
407,0,600,24,0
407,1,600,12,1
407,2,600,11,2
407,3,600,17,1
407,4,600,18,2
408,0,600,19,0
408,1,600,18,1
408,2,600,16,1
408,3,600,9,1
408,4,600,14,3
409,0,600,18,1
409,1,600,13,0
409,2,600,22,2
409,3,600,18,2
409,4,600,11,1
410,0,600,18,1
410,1,600,16,1
410,2,600,14,3
410,3,600,12,0
410,4,600,16,1
411,0,600,19,1
411,1,600,13,1
411,2,600,10,0
411,3,600,21,2
411,4,600,19,2
412,0,600,12,0
412,1,600,17,0
412,2,600,17,2
412,3,600,20,2
412,4,600,14,0
413,0,600,16,1
413,1,600,8,0
413,2,600,19,2
413,3,600,17,0
413,4,600,20,1
414,0,600,11,1
414,1,600,13,0
414,2,600,15,2
414,3,600,17,1
414,4,600,16,0
415,0,600,14,1
415,1,600,12,1
415,2,600,20,2
415,3,600,20,3
415,4,600,20,1
416,0,600,22,3
416,1,600,12,2
416,2,600,12,2
416,3,600,13,0
416,4,600,17,1
417,0,600,10,0
417,1,600,13,2
417,2,600,13,2
417,3,600,11,0
417,4,600,21,2
418,0,600,19,0
418,1,600,15,2
418,2,600,10,2
418,3,600,15,1
418,4,600,15,1
419,0,600,19,0
419,1,600,19,0
419,2,600,14,0
419,3,600,12,1
419,4,600,14,1
420,0,600,8,1
420,1,600,16,2
420,2,600,14,1
420,3,600,18,2
420,4,600,16,2
421,0,600,17,2
421,1,600,12,1
421,2,600,18,3
421,3,600,14,1
421,4,600,19,1
422,0,600,21,2
422,1,600,19,1
422,2,600,17,2
422,3,600,11,1
422,4,600,12,0
423,0,600,14,1
423,1,600,12,0
423,2,600,16,2
423,3,600,16,1
423,4,600,12,2
424,0,600,15,0
424,1,600,9,1
424,2,600,22,2
424,3,600,19,3
424,4,600,13,2
425,0,600,22,2
425,1,600,12,1
425,2,600,15,0
425,3,600,17,2
425,4,600,12,1
426,0,600,16,2
426,1,600,10,1
426,2,600,15,1
426,3,600,15,1
426,4,600,18,1
427,0,600,15,3
427,1,600,14,2
427,2,600,15,2
427,3,600,23,1
427,4,600,15,0
428,0,600,9,0
428,1,600,19,2
428,2,600,14,2
428,3,600,20,2
428,4,600,16,2
429,0,600,16,2
429,1,600,16,0
429,2,600,17,2
429,3,600,16,2
429,4,600,13,2
430,0,600,20,2
430,1,600,16,2
430,2,600,12,0
430,3,600,14,1
430,4,600,14,3
431,0,600,15,1
431,1,600,14,1
431,2,600,17,0
431,3,600,11,1
431,4,600,21,3
432,0,600,11,0
432,1,600,20,0
432,2,600,15,0
432,3,600,18,0
432,4,600,16,0
433,0,600,23,1
433,1,600,18,2
433,2,600,21,2
433,3,600,12,2
433,4,600,10,1
434,0,600,11,1
434,1,600,11,1
434,2,600,19,2
434,3,600,18,1
434,4,600,15,1
435,0,600,15,2
435,1,600,16,2
435,2,600,10,1
435,3,600,22,2
435,4,600,13,1
436,0,600,21,2
436,1,600,14,2
436,2,600,18,1
436,3,600,12,2
436,4,600,11,1
437,0,600,11,2
437,1,600,17,1
437,2,600,12,2
437,3,600,12,1
437,4,600,18,0
438,0,600,14,1
438,1,600,21,3
438,2,600,16,2
438,3,600,10,0
438,4,600,15,0
439,0,600,18,0
439,1,600,16,0
439,2,600,11,1
439,3,600,13,0
439,4,600,18,1
440,0,600,14,1
440,1,600,18,0
440,2,600,17,2
440,3,600,15,2
440,4,600,16,3
441,0,600,15,2
441,1,600,15,1
441,2,600,10,0
441,3,600,16,1
441,4,600,20,2
442,0,600,18,0
442,1,600,11,1
442,2,600,18,2
442,3,600,14,1
442,4,600,17,2
443,0,600,21,2
443,1,600,13,2
443,2,600,16,1
443,3,600,14,1
443,4,600,12,0
444,0,600,19,4
444,1,600,17,1
444,2,600,12,0
444,3,600,24,3
444,4,600,8,0
445,0,600,21,1
445,1,600,20,4
445,2,600,17,2
445,3,600,16,0
445,4,600,12,1
446,0,600,15,1
446,1,600,13,1
446,2,600,13,0
446,3,600,15,1
446,4,600,18,1
447,0,600,12,2
447,1,600,11,1
447,2,600,18,0
447,3,600,15,1
447,4,600,20,2
448,0,600,15,1
448,1,600,15,0
448,2,600,15,1
448,3,600,10,0
448,4,600,23,2
449,0,600,20,1
449,1,600,15,2
449,2,600,15,1
449,3,600,16,0
449,4,600,20,2
450,0,600,13,1
450,1,600,15,1
450,2,600,14,0
450,3,600,18,3
450,4,600,10,3
451,0,600,15,0
451,1,600,19,2
451,2,600,17,0
451,3,600,17,1
451,4,600,18,1
452,0,600,10,0
452,1,600,15,0
452,2,600,19,2
452,3,600,20,1
452,4,600,14,1
453,0,600,20,2
453,1,600,13,1
453,2,600,24,3
453,3,600,9,1
453,4,600,14,1
454,0,600,15,2
454,1,600,14,1
454,2,600,17,3
454,3,600,15,1
454,4,600,11,1
455,0,600,15,1
455,1,600,12,2
455,2,600,15,1
455,3,600,15,1
455,4,600,17,1
456,0,600,14,0
456,1,600,15,0
456,2,600,17,1
456,3,600,11,0
456,4,600,19,1
457,0,600,14,0
457,1,600,16,2
457,2,600,17,1
457,3,600,16,2
457,4,600,15,1
458,0,600,8,0
458,1,600,21,2
458,2,600,19,2
458,3,600,11,1
458,4,600,15,1
459,0,600,14,0
459,1,600,15,1
459,2,600,19,2
459,3,600,15,1
459,4,600,15,0
460,0,600,15,0
460,1,600,16,2
460,2,600,14,0
460,3,600,17,0
460,4,600,14,2
461,0,600,22,2
461,1,600,15,0
461,2,600,20,0
461,3,600,10,1
461,4,600,17,1
462,0,600,17,0
462,1,600,19,3
462,2,600,16,3
462,3,600,22,1
462,4,600,12,1
463,0,600,12,2
463,1,600,15,3
463,2,600,11,0
463,3,600,17,0
463,4,600,19,1
464,0,600,17,1
464,1,600,17,1
464,2,600,20,1
464,3,600,14,3
464,4,600,18,2
465,0,600,18,3
465,1,600,13,1
465,2,600,20,1
465,3,600,16,3
465,4,600,19,0
466,0,600,17,1
466,1,600,16,1
466,2,600,13,1
466,3,600,15,1
466,4,600,21,0
467,0,600,13,1
467,1,600,16,2
467,2,600,16,0
467,3,600,16,0
467,4,600,15,1
468,0,600,14,3
468,1,600,23,0
468,2,600,19,1
468,3,600,15,1
468,4,600,19,3
469,0,600,15,2
469,1,600,11,1
469,2,600,14,2
469,3,600,13,0
469,4,600,17,1
470,0,600,11,0
470,1,600,18,2
470,2,600,16,2
470,3,600,23,4
470,4,600,12,0
471,0,600,12,0
471,1,600,17,0
471,2,600,19,0
471,3,600,14,2
471,4,600,16,2
472,0,600,13,0
472,1,600,16,3
472,2,600,13,2
472,3,600,16,1
472,4,600,16,2
473,0,600,19,0
473,1,600,15,2
473,2,600,14,1
473,3,600,18,2
473,4,600,20,3
474,0,600,11,0
474,1,600,14,0
474,2,600,17,2
474,3,600,18,2
474,4,600,14,2
475,0,600,14,0
475,1,600,15,2
475,2,600,20,2
475,3,600,12,2
475,4,600,19,0
476,0,600,16,0
476,1,600,21,3
476,2,600,16,1
476,3,600,19,1
476,4,600,14,1
477,0,600,10,1
477,1,600,14,3
477,2,600,15,0
477,3,600,14,0
477,4,600,11,2
478,0,600,20,0
478,1,600,11,1
478,2,600,15,0
478,3,600,19,1
478,4,600,13,0
479,0,600,13,1
479,1,600,12,1
479,2,600,12,0
479,3,600,15,2
479,4,600,18,2
480,0,600,23,3
480,1,600,11,1
480,2,600,11,1
480,3,600,16,1
480,4,600,17,2
481,0,600,14,1
481,1,600,14,1
481,2,600,13,1
481,3,600,18,0
481,4,600,15,1
482,0,600,21,2
482,1,600,15,2
482,2,600,17,2
482,3,600,13,1
482,4,600,20,1
483,0,600,17,3
483,1,600,13,3
483,2,600,15,0
483,3,600,21,1
483,4,600,20,1
484,0,600,20,3
484,1,600,14,2
484,2,600,18,2
484,3,600,11,0
484,4,600,11,1
485,0,600,12,1
485,1,600,13,3
485,2,600,17,1
485,3,600,20,0
485,4,600,14,3
486,0,600,18,1
486,1,600,12,0
486,2,600,13,1
486,3,600,18,1
486,4,600,17,1
487,0,600,17,2
487,1,600,15,2
487,2,600,19,3
487,3,600,11,1
487,4,600,14,0
488,0,600,16,0
488,1,600,16,2
488,2,600,12,2
488,3,600,18,2
488,4,600,18,0
489,0,600,11,1
489,1,600,14,1
489,2,600,12,1
489,3,600,17,2
489,4,600,16,1
490,0,600,16,0
490,1,600,17,2
490,2,600,18,1
490,3,600,18,2
490,4,600,13,3
491,0,600,23,3
491,1,600,16,0
491,2,600,11,0
491,3,600,14,0
491,4,600,18,3
492,0,600,13,2
492,1,600,15,1
492,2,600,18,2
492,3,600,16,2
492,4,600,16,1
493,0,600,12,0
493,1,600,17,1
493,2,600,20,1
493,3,600,12,2
493,4,600,17,2
494,0,600,13,1
494,1,600,15,2
494,2,600,17,3
494,3,600,17,1
494,4,600,16,1
495,0,600,21,2
495,1,600,14,2
495,2,600,21,1
495,3,600,15,2
495,4,600,13,1
496,0,600,12,2
496,1,600,19,2
496,2,600,19,2
496,3,600,13,1
496,4,600,15,1
497,0,600,17,1
497,1,600,13,0
497,2,600,15,3
497,3,600,18,1
497,4,600,15,1
498,0,600,16,1
498,1,600,14,1
498,2,600,21,0
498,3,600,13,2
498,4,600,20,2
499,0,600,13,2
499,1,600,18,2
499,2,600,16,0
499,3,600,16,1
499,4,600,11,1
500,0,600,14,3
500,1,600,16,0
500,2,600,18,2
500,3,600,16,2
500,4,600,12,1
501,0,600,21,2
501,1,600,9,0
501,2,600,16,1
501,3,600,19,1
501,4,600,15,2
502,0,600,22,2
502,1,600,17,0
502,2,600,21,2
502,3,600,14,1
502,4,600,14,1
503,0,600,11,1
503,1,600,17,2
503,2,600,15,1
503,3,600,17,3
503,4,600,10,1
504,0,600,11,0
504,1,600,18,1
504,2,600,10,2
504,3,600,20,2
504,4,600,19,1
505,0,600,19,2
505,1,600,14,2
505,2,600,17,1
505,3,600,12,0
505,4,600,16,1
506,0,600,19,2
506,1,600,15,0
506,2,600,15,2
506,3,600,16,1
506,4,600,17,3
507,0,600,15,1
507,1,600,11,1
507,2,600,17,2
507,3,600,18,2
507,4,600,17,2
508,0,600,15,0
508,1,600,20,3
508,2,600,16,1
508,3,600,16,1
508,4,600,19,3
509,0,600,13,2
509,1,600,17,2
509,2,600,14,1
509,3,600,23,2
509,4,600,13,1
510,0,600,14,0
510,1,600,11,1
510,2,600,13,3
510,3,600,21,2
510,4,600,11,0
511,0,600,15,2
511,1,600,14,1
511,2,600,16,1
511,3,600,19,2
511,4,600,18,2
512,0,600,16,1
512,1,600,11,1
512,2,600,17,2
512,3,600,17,1
512,4,600,17,1
513,0,600,13,1
513,1,600,21,2
513,2,600,13,1
513,3,600,15,1
513,4,600,16,1
514,0,600,20,2
514,1,600,16,1
514,2,600,18,3
514,3,600,11,1
514,4,600,19,1
515,0,600,12,0
515,1,600,14,0
515,2,600,17,0
515,3,600,23,1
515,4,600,16,1
516,0,600,16,2
516,1,600,12,1
516,2,600,15,1
516,3,600,20,1
516,4,600,15,1
517,0,600,13,3
517,1,600,13,1
517,2,600,15,2
517,3,600,17,2
517,4,600,16,0
518,0,600,17,1
518,1,600,14,2
518,2,600,21,1
518,3,600,10,1
518,4,600,16,1
519,0,600,14,0
519,1,600,12,0
519,2,600,19,2
519,3,600,11,1
519,4,600,16,1
520,0,600,16,2
520,1,600,16,1
520,2,600,15,1
520,3,600,22,2
520,4,600,13,2
521,0,600,11,2
521,1,600,8,0
521,2,600,18,1
521,3,600,18,1
521,4,600,19,2
522,0,600,27,3
522,1,600,10,0
522,2,600,12,0
522,3,600,16,2
522,4,600,17,3
523,0,600,15,2
523,1,600,18,0
523,2,600,11,2
523,3,600,22,1
523,4,600,18,3
524,0,600,12,2
524,1,600,15,0
524,2,600,17,1
524,3,600,15,1
524,4,600,15,2
525,0,600,12,2
525,1,600,23,2
525,2,600,15,2
525,3,600,18,1
525,4,600,14,1
526,0,600,14,2
526,1,600,15,0
526,2,600,23,3
526,3,600,14,2
526,4,600,14,1
527,0,600,17,1
527,1,600,17,1
527,2,600,21,1
527,3,600,15,1
527,4,600,16,2
528,0,600,16,3
528,1,600,19,1
528,2,600,14,1
528,3,600,17,2
528,4,600,10,1
529,0,600,17,0
529,1,600,12,2
529,2,600,19,2
529,3,600,18,1
529,4,600,12,1
530,0,600,16,3
530,1,600,16,0
530,2,600,12,2
530,3,600,20,1
530,4,600,16,2
531,0,600,16,1
531,1,600,11,2
531,2,600,18,2
531,3,600,12,1
531,4,600,19,2
532,0,600,14,2
532,1,600,15,3
532,2,600,18,3
532,3,600,12,0
532,4,600,19,0
533,0,600,20,2
533,1,600,17,3
533,2,600,13,2
533,3,600,17,1
533,4,600,15,0
534,0,600,21,2
534,1,600,13,0
534,2,600,15,1
534,3,600,18,2
534,4,600,11,1
535,0,600,14,1
535,1,600,12,3
535,2,600,24,1
535,3,600,14,0
535,4,600,12,1
536,0,600,17,1
536,1,600,16,0
536,2,600,15,1
536,3,600,21,1
536,4,600,17,3
537,0,600,12,1
537,1,600,17,2
537,2,600,15,1
537,3,600,10,2
537,4,600,12,0
538,0,600,18,1
538,1,600,12,1
538,2,600,18,1
538,3,600,17,2
538,4,600,21,3
539,0,600,15,0
539,1,600,9,1
539,2,600,16,2
539,3,600,17,2
539,4,600,13,1
540,0,600,15,0
540,1,600,17,0
540,2,600,14,2
540,3,600,27,2
540,4,600,19,2
541,0,600,20,1
541,1,600,17,2
541,2,600,13,0
541,3,600,16,2
541,4,600,14,1
542,0,600,16,2
542,1,600,22,1
542,2,600,15,2
542,3,600,17,1
542,4,600,14,0
543,0,600,18,1
543,1,600,13,3
543,2,600,22,2
543,3,600,16,2
543,4,600,13,0
544,0,600,16,0
544,1,600,8,1
544,2,600,13,1
544,3,600,16,2
544,4,600,15,0
545,0,600,9,2
545,1,600,13,2
545,2,600,11,1
545,3,600,17,0
545,4,600,16,1
546,0,600,11,1
546,1,600,20,1
546,2,600,19,2
546,3,600,17,1
546,4,600,13,3
547,0,600,18,3
547,1,600,18,1
547,2,600,18,3
547,3,600,14,1
547,4,600,14,0
548,0,600,14,2
548,1,600,14,1
548,2,600,14,1
548,3,600,17,0
548,4,600,17,2
549,0,600,18,2
549,1,600,14,2
549,2,600,19,0
549,3,600,17,1
549,4,600,18,3
550,0,600,21,1
550,1,600,14,1
550,2,600,20,0
550,3,600,14,2
550,4,600,15,2
551,0,600,18,2
551,1,600,11,1
551,2,600,19,2
551,3,600,14,0
551,4,600,16,3
552,0,600,14,1
552,1,600,17,2
552,2,600,14,0
552,3,600,14,2
552,4,600,19,1
553,0,600,15,0
553,1,600,12,1
553,2,600,19,3
553,3,600,15,3
553,4,600,13,1
554,0,600,14,0
554,1,600,16,2
554,2,600,13,2
554,3,600,13,1
554,4,600,16,1
555,0,600,16,1
555,1,600,15,1
555,2,600,14,3
555,3,600,17,1
555,4,600,18,0
556,0,600,12,0
556,1,600,17,1
556,2,600,14,1
556,3,600,19,1
556,4,600,18,3
557,0,600,16,2
557,1,600,19,1
557,2,600,23,3
557,3,600,14,1
557,4,600,8,1
558,0,600,15,1
558,1,600,15,2
558,2,600,11,2
558,3,600,20,1
558,4,600,13,0
559,0,600,14,3
559,1,600,13,0
559,2,600,12,2
559,3,600,11,0
559,4,600,22,3
560,0,600,15,1
560,1,600,15,0
560,2,600,20,2
560,3,600,16,2
560,4,600,18,1
561,0,600,21,3
561,1,600,18,0
561,2,600,12,1
561,3,600,14,1
561,4,600,15,3
562,0,600,15,2
562,1,600,12,2
562,2,600,12,0
562,3,600,13,1
562,4,600,16,1
563,0,600,22,2
563,1,600,17,0
563,2,600,13,1
563,3,600,8,1
563,4,600,14,4
564,0,600,27,2
564,1,600,18,3
564,2,600,14,1
564,3,600,11,0
564,4,600,16,2
565,0,600,13,1
565,1,600,10,1
565,2,600,16,2
565,3,600,19,3
565,4,600,18,1
566,0,600,16,2
566,1,600,9,0
566,2,600,17,2
566,3,600,18,2
566,4,600,18,0
567,0,600,13,1
567,1,600,14,0
567,2,600,22,2
567,3,600,16,0
567,4,600,17,1
568,0,600,17,2
568,1,600,16,1
568,2,600,19,3
568,3,600,18,0
568,4,600,18,2
569,0,600,15,1
569,1,600,17,1
569,2,600,12,2
569,3,600,18,2
569,4,600,16,0
570,0,600,19,2
570,1,600,12,1
570,2,600,13,0
570,3,600,16,2
570,4,600,20,1
571,0,600,14,2
571,1,600,11,2
571,2,600,8,1
571,3,600,8,1
571,4,600,19,2
572,0,600,15,0
572,1,600,15,3
572,2,600,18,2
572,3,600,14,3
572,4,600,16,0
573,0,600,18,2
573,1,600,14,1
573,2,600,12,3
573,3,600,20,0
573,4,600,16,2
574,0,600,18,0
574,1,600,12,1
574,2,600,17,2
574,3,600,11,3
574,4,600,14,2
575,0,600,20,2
575,1,600,16,3
575,2,600,21,1
575,3,600,15,1
575,4,600,14,1
576,0,600,15,1
576,1,600,9,3
576,2,600,13,1
576,3,600,17,1
576,4,600,16,2
577,0,600,12,0
577,1,600,16,1
577,2,600,23,2
577,3,600,12,2
577,4,600,17,1
578,0,600,7,0
578,1,600,17,1
578,2,600,19,1
578,3,600,14,2
578,4,600,19,2
579,0,600,13,0
579,1,600,15,1
579,2,600,13,0
579,3,600,17,2
579,4,600,14,1
580,0,600,12,0
580,1,600,22,1
580,2,600,16,2
580,3,600,16,1
580,4,600,20,2
581,0,600,13,1
581,1,600,13,2
581,2,600,8,0
581,3,600,17,0
581,4,600,17,1
582,0,600,19,2
582,1,600,14,1
582,2,600,20,3
582,3,600,9,0
582,4,600,14,2
583,0,600,15,1
583,1,600,12,2
583,2,600,14,1
583,3,600,20,2
583,4,600,13,0
584,0,600,13,3
584,1,600,18,1
584,2,600,20,1
584,3,600,15,2
584,4,600,18,1
585,0,600,14,1
585,1,600,15,0
585,2,600,10,1
585,3,600,21,2
585,4,600,14,2
586,0,600,16,3
586,1,600,14,1
586,2,600,15,1
586,3,600,17,2
586,4,600,16,1
587,0,600,24,1
587,1,600,14,1
587,2,600,15,1
587,3,600,20,1
587,4,600,15,2
588,0,600,17,1
588,1,600,20,1
588,2,600,9,0
588,3,600,19,2
588,4,600,17,0
589,0,600,13,2
589,1,600,23,1
589,2,600,16,0
589,3,600,18,1
589,4,600,12,2
590,0,600,17,3
590,1,600,14,0
590,2,600,18,1
590,3,600,13,2
590,4,600,16,2
591,0,600,10,0
591,1,600,19,2
591,2,600,12,1
591,3,600,14,0
591,4,600,17,1
592,0,600,18,1
592,1,600,18,1
592,2,600,20,3
592,3,600,9,1
592,4,600,13,2
593,0,600,12,1
593,1,600,15,2
593,2,600,17,1
593,3,600,20,2
593,4,600,14,0
594,0,600,20,2
594,1,600,15,0
594,2,600,13,1
594,3,600,24,3
594,4,600,16,0
595,0,600,14,2
595,1,600,19,2
595,2,600,17,1
595,3,600,14,1
595,4,600,18,2
596,0,600,14,1
596,1,600,15,1
596,2,600,16,0
596,3,600,10,2
596,4,600,15,2
597,0,600,15,2
597,1,600,15,2
597,2,600,23,1
597,3,600,15,0
597,4,600,14,1
598,0,600,11,1
598,1,600,13,1
598,2,600,17,3
598,3,600,15,2
598,4,600,16,1
599,0,600,14,2
599,1,600,13,0
599,2,600,19,3
599,3,600,16,1
599,4,600,18,2
600,0,600,13,2
600,1,600,12,2
600,2,600,19,1
600,3,600,14,2
600,4,600,18,1
601,0,600,16,1
601,1,600,14,1
601,2,600,10,0
601,3,600,11,1
601,4,600,17,1
602,0,600,20,2
602,1,600,12,0
602,2,600,22,2
602,3,600,11,0
602,4,600,17,2
603,0,600,15,3
603,1,600,14,2
603,2,600,17,1
603,3,600,14,2
603,4,600,16,0
604,0,600,13,1
604,1,600,16,1
604,2,600,24,1
604,3,600,13,1
604,4,600,20,2
605,0,600,19,1
605,1,600,16,1
605,2,600,12,2
605,3,600,12,1
605,4,600,13,3
606,0,600,15,2
606,1,600,20,3
606,2,600,14,1
606,3,600,12,0
606,4,600,15,2
607,0,600,11,0
607,1,600,21,1
607,2,600,14,2
607,3,600,14,1
607,4,600,16,2
608,0,600,13,1
608,1,600,13,2
608,2,600,15,2
608,3,600,23,1
608,4,600,12,2
609,0,600,19,2
609,1,600,18,2
609,2,600,17,0
609,3,600,14,1
609,4,600,10,1
610,0,600,17,2
610,1,600,14,1
610,2,600,14,1
610,3,600,14,2
610,4,600,17,2
611,0,600,12,0
611,1,600,20,0
611,2,600,17,1
611,3,600,21,2
611,4,600,20,1
612,0,600,17,1
612,1,600,12,1
612,2,600,19,2
612,3,600,16,2
612,4,600,18,2
613,0,600,16,2
613,1,600,17,2
613,2,600,10,0
613,3,600,12,0
613,4,600,17,2
614,0,600,19,1
614,1,600,17,1
614,2,600,14,0
614,3,600,12,1
614,4,600,24,3
615,0,600,14,2
615,1,600,20,0
615,2,600,14,1
615,3,600,14,3
615,4,600,12,2
616,0,600,18,3
616,1,600,15,1
616,2,600,11,2
616,3,600,14,1
616,4,600,10,1
617,0,600,18,2
617,1,600,13,0
617,2,600,18,1
617,3,600,17,2
617,4,600,16,1
618,0,600,13,1
618,1,600,18,1
618,2,600,15,1
618,3,600,11,1
618,4,600,17,0
619,0,600,19,1
619,1,600,11,2
619,2,600,17,1
619,3,600,13,1
619,4,600,18,3
620,0,600,17,1
620,1,600,18,2
620,2,600,15,0
620,3,600,16,1
620,4,600,18,0
621,0,600,18,3
621,1,600,17,0
621,2,600,10,0
621,3,600,20,0
621,4,600,15,3
622,0,600,19,1
622,1,600,12,1
622,2,600,13,1
622,3,600,16,2
622,4,600,18,1
623,0,600,9,0
623,1,600,19,3
623,2,600,18,1
623,3,600,16,1
623,4,600,20,1
624,0,600,16,1
624,1,600,16,0
624,2,600,13,2
624,3,600,12,1
624,4,600,9,0
625,0,600,15,1
625,1,600,12,0
625,2,600,14,1
625,3,600,14,2
625,4,600,17,2
626,0,600,17,0
626,1,600,12,1
626,2,600,17,2
626,3,600,12,0
626,4,600,18,1
627,0,600,18,1
627,1,600,23,2
627,2,600,15,2
627,3,600,14,1
627,4,600,12,2
628,0,600,13,2
628,1,600,16,2
628,2,600,20,0
628,3,600,24,2
628,4,600,15,2
629,0,600,13,0
629,1,600,19,1
629,2,600,13,1
629,3,600,16,2
629,4,600,15,2
630,0,600,16,2
630,1,600,17,3
630,2,600,19,0
630,3,600,13,1
630,4,600,21,2
631,0,600,11,0
631,1,600,16,2
631,2,600,17,2
631,3,600,17,1
631,4,600,19,1
632,0,600,15,0
632,1,600,11,0
632,2,600,17,1
632,3,600,21,2
632,4,600,14,1
633,0,600,17,2
633,1,600,16,1
633,2,600,12,0
633,3,600,15,1
633,4,600,14,2
634,0,600,12,3
634,1,600,13,1
634,2,600,18,0
634,3,600,17,1
634,4,600,14,1
635,0,600,18,2
635,1,600,20,2
635,2,600,16,2
635,3,600,13,0
635,4,600,17,2
636,0,600,17,2
636,1,600,13,2
636,2,600,15,1
636,3,600,14,1
636,4,600,17,2
637,0,600,14,1
637,1,600,16,1
637,2,600,19,0
637,3,600,14,0
637,4,600,15,0
638,0,600,15,0
638,1,600,16,2
638,2,600,22,2
638,3,600,11,2
638,4,600,22,2
639,0,600,28,2
639,1,600,10,0
639,2,600,16,2
639,3,600,16,2
639,4,600,14,2
640,0,600,19,1
640,1,600,19,3
640,2,600,8,0
640,3,600,14,0
640,4,600,22,4
641,0,600,15,0
641,1,600,20,1
641,2,600,14,0
641,3,600,18,1
641,4,600,17,2
642,0,600,13,1
642,1,600,11,0
642,2,600,20,2
642,3,600,15,2
642,4,600,15,1
643,0,600,16,2
643,1,600,14,1
643,2,600,17,2
643,3,600,15,2
643,4,600,14,1
644,0,600,18,0
644,1,600,16,1
644,2,600,14,1
644,3,600,12,0
644,4,600,12,0
645,0,600,18,2
645,1,600,16,1
645,2,600,12,1
645,3,600,15,0
645,4,600,13,2
646,0,600,18,2
646,1,600,13,1
646,2,600,15,2
646,3,600,11,0
646,4,600,17,3
647,0,600,17,2
647,1,600,15,2
647,2,600,20,2
647,3,600,17,1
647,4,600,17,1
648,0,600,18,1
648,1,600,18,1
648,2,600,16,3
648,3,600,15,2
648,4,600,15,1
649,0,600,15,1
649,1,600,9,1
649,2,600,14,1
649,3,600,16,1
649,4,600,18,2
650,0,600,18,1
650,1,600,19,1
650,2,600,11,1
650,3,600,9,0
650,4,600,17,1
651,0,600,13,0
651,1,600,17,2
651,2,600,13,2
651,3,600,11,0
651,4,600,26,2
652,0,600,23,2
652,1,600,16,1
652,2,600,15,0
652,3,600,16,2
652,4,600,14,1
653,0,600,16,1
653,1,600,21,3
653,2,600,15,1
653,3,600,20,3
653,4,600,18,0
654,0,600,11,2
654,1,600,15,1
654,2,600,15,2
654,3,600,13,0
654,4,600,16,1
655,0,600,11,1
655,1,600,15,1
655,2,600,11,1
655,3,600,16,0
655,4,600,19,1
656,0,600,22,0
656,1,600,19,0
656,2,600,12,1
656,3,600,16,1
656,4,600,13,0
657,0,600,22,3
657,1,600,16,2
657,2,600,14,1
657,3,600,17,0
657,4,600,11,0
658,0,600,16,2
658,1,600,11,1
658,2,600,15,1
658,3,600,16,2
658,4,600,18,2
659,0,600,12,1
659,1,600,16,1
659,2,600,11,0
659,3,600,14,2
659,4,600,17,0
660,0,600,13,0
660,1,600,18,1
660,2,600,17,1
660,3,600,11,1
660,4,600,13,1
661,0,600,19,1
661,1,600,20,2
661,2,600,12,1
661,3,600,13,0
661,4,600,16,4
662,0,600,12,0
662,1,600,14,1
662,2,600,21,0
662,3,600,16,1
662,4,600,13,0
663,0,600,16,2
663,1,600,16,0
663,2,600,14,2
663,3,600,16,2
663,4,600,18,2
664,0,600,15,1
664,1,600,13,2
664,2,600,19,2
664,3,600,8,0
664,4,600,17,3
665,0,600,18,0
665,1,600,15,1
665,2,600,18,3
665,3,600,18,2
665,4,600,19,2
666,0,600,12,2
666,1,600,16,0
666,2,600,17,2
666,3,600,20,1
666,4,600,15,1
667,0,600,19,1
667,1,600,16,0
667,2,600,17,1
667,3,600,14,3
667,4,600,16,1
668,0,600,15,1
668,1,600,14,0
668,2,600,15,1
668,3,600,17,1
668,4,600,15,1
669,0,600,12,2
669,1,600,12,1
669,2,600,21,0
669,3,600,22,1
669,4,600,19,2
670,0,600,15,0
670,1,600,13,0
670,2,600,18,1
670,3,600,14,1
670,4,600,16,2
671,0,600,13,0
671,1,600,10,0
671,2,600,16,2
671,3,600,14,0
671,4,600,19,2
672,0,600,14,1
672,1,600,12,1
672,2,600,22,2
672,3,600,16,2
672,4,600,16,0
673,0,600,18,1
673,1,600,10,2
673,2,600,16,2
673,3,600,14,0
673,4,600,14,3
674,0,600,14,2
674,1,600,14,1
674,2,600,12,1
674,3,600,19,1
674,4,600,13,1
675,0,600,11,0
675,1,600,14,2
675,2,600,13,1
675,3,600,15,2
675,4,600,15,1
676,0,600,13,1
676,1,600,19,2
676,2,600,13,1
676,3,600,14,2
676,4,600,15,0
677,0,600,23,3
677,1,600,11,0
677,2,600,18,2
677,3,600,17,0
677,4,600,17,3
678,0,600,16,1
678,1,600,18,1
678,2,600,19,2
678,3,600,22,1
678,4,600,15,1
679,0,600,16,0
679,1,600,17,2
679,2,600,17,2
679,3,600,18,1
679,4,600,18,1
680,0,600,12,1
680,1,600,20,3
680,2,600,15,2
680,3,600,12,1
680,4,600,19,1
681,0,600,16,1
681,1,600,13,2
681,2,600,16,0
681,3,600,17,2
681,4,600,16,1
682,0,600,19,3
682,1,600,11,1
682,2,600,19,0
682,3,600,17,2
682,4,600,14,2
683,0,600,16,2
683,1,600,10,1
683,2,600,19,0
683,3,600,16,1
683,4,600,17,2
684,0,600,17,2
684,1,600,10,2
684,2,600,19,2
684,3,600,12,1
684,4,600,22,1
685,0,600,18,1
685,1,600,10,2
685,2,600,14,2
685,3,600,16,1
685,4,600,22,2
686,0,600,21,3
686,1,600,18,3
686,2,600,18,2
686,3,600,16,0
686,4,600,13,0
687,0,600,15,2
687,1,600,23,2
687,2,600,16,2
687,3,600,15,2
687,4,600,17,0
688,0,600,15,2
688,1,600,12,1
688,2,600,16,0
688,3,600,15,2
688,4,600,16,1
689,0,600,18,2
689,1,600,14,2
689,2,600,17,0
689,3,600,15,3
689,4,600,12,1
690,0,600,13,1
690,1,600,13,1
690,2,600,18,2
690,3,600,14,1
690,4,600,14,1
691,0,600,15,1
691,1,600,13,0
691,2,600,21,1
691,3,600,15,3
691,4,600,22,3
692,0,600,13,1
692,1,600,18,3
692,2,600,11,2
692,3,600,21,1
692,4,600,17,1
693,0,600,13,1
693,1,600,23,3
693,2,600,19,1
693,3,600,13,0
693,4,600,10,1
694,0,600,10,0
694,1,600,21,3
694,2,600,11,2
694,3,600,18,1
694,4,600,18,0
695,0,600,7,0
695,1,600,22,1
695,2,600,18,2
695,3,600,18,2
695,4,600,13,1
696,0,600,15,1
696,1,600,18,3
696,2,600,17,2
696,3,600,12,1
696,4,600,20,1
697,0,600,13,2
697,1,600,16,2
697,2,600,18,2
697,3,600,15,0
697,4,600,16,2
698,0,600,14,1
698,1,600,19,3
698,2,600,14,1
698,3,600,16,2
698,4,600,19,1
699,0,600,16,1
699,1,600,19,2
699,2,600,18,1
699,3,600,15,2
699,4,600,16,2
700,0,600,15,3
700,1,600,21,3
700,2,600,14,1
700,3,600,19,0
700,4,600,15,1
701,0,600,19,1
701,1,600,15,0
701,2,600,15,1
701,3,600,13,1
701,4,600,12,1
702,0,600,12,1
702,1,600,14,0
702,2,600,18,2
702,3,600,24,3
702,4,600,14,0
703,0,600,17,1
703,1,600,12,0
703,2,600,11,1
703,3,600,20,1
703,4,600,14,1
704,0,600,17,1
704,1,600,18,3
704,2,600,20,1
704,3,600,14,1
704,4,600,19,2
705,0,600,11,1
705,1,600,16,1
705,2,600,15,3
705,3,600,17,1
705,4,600,23,2
706,0,600,14,1
706,1,600,12,1
706,2,600,11,0
706,3,600,20,2
706,4,600,21,2
707,0,600,18,0
707,1,600,16,1
707,2,600,19,2
707,3,600,18,2
707,4,600,13,1
708,0,600,20,2
708,1,600,17,2
708,2,600,16,2
708,3,600,17,1
708,4,600,16,1
709,0,600,14,1
709,1,600,14,2
709,2,600,16,1
709,3,600,14,1
709,4,600,20,1
710,0,600,14,0
710,1,600,17,0
710,2,600,13,2
710,3,600,14,1
710,4,600,20,3
711,0,600,15,1
711,1,600,21,0
711,2,600,18,0
711,3,600,19,2
711,4,600,17,3
712,0,600,20,1
712,1,600,22,1
712,2,600,8,2
712,3,600,15,2
712,4,600,11,0
713,0,600,10,1
713,1,600,16,2
713,2,600,13,1
713,3,600,12,0
713,4,600,17,2
714,0,600,18,1
714,1,600,18,1
714,2,600,16,4
714,3,600,12,1
714,4,600,12,1
715,0,600,11,2
715,1,600,17,3
715,2,600,14,0
715,3,600,17,1
715,4,600,15,2
716,0,600,14,1
716,1,600,12,1
716,2,600,15,1
716,3,600,16,1
716,4,600,13,0
717,0,600,15,1
717,1,600,20,2
717,2,600,14,1
717,3,600,13,1
717,4,600,20,1
718,0,600,15,2
718,1,600,11,0
718,2,600,21,1
718,3,600,17,1
718,4,600,16,2
719,0,600,14,1
719,1,600,16,1
719,2,600,19,1
719,3,600,11,2
719,4,600,16,1
720,0,600,17,1
720,1,600,11,1
720,2,600,14,1
720,3,600,17,1
720,4,600,15,0
721,0,600,15,0
721,1,600,18,1
721,2,600,15,1
721,3,600,18,3
721,4,600,18,3
722,0,600,20,3
722,1,600,15,1
722,2,600,14,3
722,3,600,18,0
722,4,600,15,1
723,0,600,20,0
723,1,600,14,1
723,2,600,15,1
723,3,600,13,1
723,4,600,20,3
724,0,600,17,0
724,1,600,15,1
724,2,600,15,3
724,3,600,10,2
724,4,600,13,2
725,0,600,11,1
725,1,600,13,0
725,2,600,19,3
725,3,600,13,1
725,4,600,22,1
726,0,600,17,1
726,1,600,16,0
726,2,600,16,0
726,3,600,13,2
726,4,600,16,1
727,0,600,14,1
727,1,600,18,2
727,2,600,11,1
727,3,600,17,1
727,4,600,20,1
728,0,600,17,1
728,1,600,19,1
728,2,600,20,0
728,3,600,12,1
728,4,600,18,3
729,0,600,10,0
729,1,600,17,1
729,2,600,16,0
729,3,600,16,2
729,4,600,21,3
730,0,600,13,0
730,1,600,23,4
730,2,600,14,1
730,3,600,17,2
730,4,600,13,1
731,0,600,15,0
731,1,600,25,4
731,2,600,10,0
731,3,600,13,2
731,4,600,17,2
732,0,600,17,1
732,1,600,15,2
732,2,600,20,0
732,3,600,16,2
732,4,600,14,1
733,0,600,19,0
733,1,600,13,0
733,2,600,10,1
733,3,600,17,1
733,4,600,17,0
734,0,600,14,1
734,1,600,14,0
734,2,600,17,2
734,3,600,13,2
734,4,600,14,1
735,0,600,16,2
735,1,600,12,2
735,2,600,11,1
735,3,600,18,1
735,4,600,15,2
736,0,600,19,1
736,1,600,20,4
736,2,600,16,1
736,3,600,15,2
736,4,600,22,0
737,0,600,13,1
737,1,600,15,0
737,2,600,17,2
737,3,600,15,1
737,4,600,12,2
738,0,600,11,1
738,1,600,16,1
738,2,600,17,3
738,3,600,17,2
738,4,600,19,1
739,0,600,18,1
739,1,600,21,3
739,2,600,12,0
739,3,600,15,1
739,4,600,16,3
740,0,600,15,1
740,1,600,14,2
740,2,600,16,1
740,3,600,10,1
740,4,600,15,1
741,0,600,14,1
741,1,600,14,2
741,2,600,20,2
741,3,600,16,2
741,4,600,18,1
742,0,600,21,2
742,1,600,10,2
742,2,600,18,1
742,3,600,20,2
742,4,600,19,1
743,0,600,15,0
743,1,600,15,1
743,2,600,16,1
743,3,600,13,0
743,4,600,9,0
744,0,600,17,1
744,1,600,15,1
744,2,600,14,0
744,3,600,18,2
744,4,600,14,2
745,0,600,15,1
745,1,600,15,0
745,2,600,14,1
745,3,600,18,1
745,4,600,12,3
746,0,600,20,1
746,1,600,18,1
746,2,600,17,1
746,3,600,11,0
746,4,600,14,1
747,0,600,13,0
747,1,600,11,2
747,2,600,18,2
747,3,600,13,0
747,4,600,19,2
748,0,600,13,2
748,1,600,19,1
748,2,600,21,4
748,3,600,18,1
748,4,600,15,0
749,0,600,12,1
749,1,600,18,2
749,2,600,14,3
749,3,600,17,0
749,4,600,19,2
750,0,600,15,1
750,1,600,12,2
750,2,600,17,1
750,3,600,13,2
750,4,600,17,0
751,0,600,19,3
751,1,600,24,0
751,2,600,15,1
751,3,600,17,1
751,4,600,11,1
752,0,600,13,1
752,1,600,19,0
752,2,600,16,2
752,3,600,16,1
752,4,600,14,0
753,0,600,12,1
753,1,600,19,2
753,2,600,8,0
753,3,600,18,1
753,4,600,9,0
754,0,600,12,1
754,1,600,14,0
754,2,600,20,3
754,3,600,13,1
754,4,600,15,1
755,0,600,13,1
755,1,600,13,0
755,2,600,8,1
755,3,600,19,3
755,4,600,15,1
756,0,600,15,1
756,1,600,13,2
756,2,600,26,2
756,3,600,18,0
756,4,600,12,1
757,0,600,14,1
757,1,600,16,1
757,2,600,19,1
757,3,600,15,2
757,4,600,18,3
758,0,600,18,3
758,1,600,17,0
758,2,600,10,0
758,3,600,12,1
758,4,600,15,2
759,0,600,13,1
759,1,600,20,1
759,2,600,19,0
759,3,600,12,1
759,4,600,14,1
760,0,600,16,3
760,1,600,16,1
760,2,600,17,2
760,3,600,16,0
760,4,600,15,2
761,0,600,14,1
761,1,600,13,2
761,2,600,15,1
761,3,600,15,1
761,4,600,17,1
762,0,600,14,0
762,1,600,11,2
762,2,600,17,2
762,3,600,20,1
762,4,600,16,1
763,0,600,14,1
763,1,600,12,1
763,2,600,16,2
763,3,600,14,2
763,4,600,8,0
764,0,600,14,0
764,1,600,8,0
764,2,600,15,0
764,3,600,14,1
764,4,600,15,1
765,0,600,13,1
765,1,600,18,1
765,2,600,21,3
765,3,600,16,1
765,4,600,18,2
766,0,600,18,3
766,1,600,11,0
766,2,600,18,1
766,3,600,14,1
766,4,600,15,1
767,0,600,20,1
767,1,600,15,0
767,2,600,10,1
767,3,600,14,0
767,4,600,19,2
768,0,600,14,0
768,1,600,19,2
768,2,600,18,0
768,3,600,17,1
768,4,600,18,1
769,0,600,16,1
769,1,600,18,2
769,2,600,15,2
769,3,600,12,2
769,4,600,13,1
770,0,600,13,1
770,1,600,20,3
770,2,600,15,0
770,3,600,12,0
770,4,600,22,4
771,0,600,19,1
771,1,600,16,2
771,2,600,11,1
771,3,600,11,1
771,4,600,23,1
772,0,600,14,0
772,1,600,19,4
772,2,600,15,2
772,3,600,14,0
772,4,600,20,2
773,0,600,15,0
773,1,600,18,2
773,2,600,13,1
773,3,600,13,1
773,4,600,15,2
774,0,600,16,1
774,1,600,18,1
774,2,600,11,0
774,3,600,19,2
774,4,600,20,2
775,0,600,15,0
775,1,600,16,2
775,2,600,14,0
775,3,600,11,1
775,4,600,20,1
776,0,600,18,0
776,1,600,13,1
776,2,600,10,0
776,3,600,15,2
776,4,600,14,1
777,0,600,12,1
777,1,600,9,1
777,2,600,23,3
777,3,600,18,1
777,4,600,18,2
778,0,600,14,2
778,1,600,17,1
778,2,600,12,0
778,3,600,18,3
778,4,600,15,0
779,0,600,18,0
779,1,600,17,2
779,2,600,12,1
779,3,600,11,1
779,4,600,20,4
780,0,600,14,2
780,1,600,16,2
780,2,600,18,2
780,3,600,13,0
780,4,600,17,2
781,0,600,11,1
781,1,600,13,1
781,2,600,15,3
781,3,600,19,1
781,4,600,16,0
782,0,600,16,0
782,1,600,18,2
782,2,600,16,0
782,3,600,16,1
782,4,600,12,1
783,0,600,13,1
783,1,600,15,1
783,2,600,17,1
783,3,600,12,2
783,4,600,17,3
784,0,600,20,0
784,1,600,13,0
784,2,600,13,0
784,3,600,11,0
784,4,600,13,0
785,0,600,7,0
785,1,600,19,3
785,2,600,15,1
785,3,600,13,2
785,4,600,16,0
786,0,600,17,2
786,1,600,14,0
786,2,600,17,2
786,3,600,14,0
786,4,600,16,2
787,0,600,11,1
787,1,600,16,0
787,2,600,14,2
787,3,600,15,1
787,4,600,16,0
788,0,600,14,1
788,1,600,18,1
788,2,600,13,1
788,3,600,21,2
788,4,600,12,1
789,0,600,16,1
789,1,600,17,2
789,2,600,20,1
789,3,600,19,2
789,4,600,14,0
790,0,600,18,0
790,1,600,10,1
790,2,600,15,2
790,3,600,7,1
790,4,600,16,2
791,0,600,19,1
791,1,600,11,2
791,2,600,17,1
791,3,600,15,2
791,4,600,16,0
792,0,600,15,1
792,1,600,17,1
792,2,600,15,1
792,3,600,21,2
792,4,600,14,1
793,0,600,21,1
793,1,600,18,0
793,2,600,16,1
793,3,600,11,2
793,4,600,12,2
794,0,600,26,2
794,1,600,14,1
794,2,600,15,0
794,3,600,11,1
794,4,600,18,2
795,0,600,20,1
795,1,600,17,0
795,2,600,10,1
795,3,600,14,1
795,4,600,9,1
796,0,600,14,0
796,1,600,17,3
796,2,600,12,1
796,3,600,17,2
796,4,600,20,2
797,0,600,14,0
797,1,600,8,1
797,2,600,20,2
797,3,600,15,1
797,4,600,21,0
798,0,600,18,2
798,1,600,18,2
798,2,600,16,2
798,3,600,18,1
798,4,600,14,1
799,0,600,16,2
799,1,600,18,1
799,2,600,23,3
799,3,600,10,1
799,4,600,11,1
800,0,600,20,2
800,1,600,18,2
800,2,600,14,1
800,3,600,10,1
800,4,600,12,0
801,0,600,16,0
801,1,600,18,1
801,2,600,13,1
801,3,600,15,2
801,4,600,14,2
802,0,600,12,1
802,1,600,13,1
802,2,600,16,1
802,3,600,20,2
802,4,600,15,1
803,0,600,17,2
803,1,600,13,0
803,2,600,20,3
803,3,600,15,2
803,4,600,19,1
804,0,600,19,4
804,1,600,19,1
804,2,600,11,1
804,3,600,14,1
804,4,600,15,1
805,0,600,20,2
805,1,600,16,2
805,2,600,12,1
805,3,600,14,1
805,4,600,20,2
806,0,600,14,1
806,1,600,7,0
806,2,600,18,1
806,3,600,22,2
806,4,600,13,0
807,0,600,17,1
807,1,600,19,1
807,2,600,19,2
807,3,600,18,2
807,4,600,15,2
808,0,600,12,0
808,1,600,21,2
808,2,600,14,2
808,3,600,15,3
808,4,600,14,1
809,0,600,15,1
809,1,600,10,0
809,2,600,15,4
809,3,600,12,2
809,4,600,18,1
810,0,600,19,1
810,1,600,24,2
810,2,600,11,1
810,3,600,16,4
810,4,600,16,0
811,0,600,16,1
811,1,600,11,2
811,2,600,15,0
811,3,600,11,1
811,4,600,15,0
812,0,600,18,0
812,1,600,13,2
812,2,600,15,1
812,3,600,19,1
812,4,600,21,2
813,0,600,19,3
813,1,600,17,2
813,2,600,9,0
813,3,600,16,0
813,4,600,21,3
814,0,600,13,1
814,1,600,14,0
814,2,600,13,1
814,3,600,18,1
814,4,600,20,1
815,0,600,21,2
815,1,600,14,0
815,2,600,14,2
815,3,600,13,2
815,4,600,18,2
816,0,600,14,1
816,1,600,20,1
816,2,600,20,1
816,3,600,19,2
816,4,600,19,1
817,0,600,16,0
817,1,600,14,0
817,2,600,13,1
817,3,600,19,3
817,4,600,12,2
818,0,600,18,3
818,1,600,17,1
818,2,600,14,2
818,3,600,14,0
818,4,600,21,0
819,0,600,10,0
819,1,600,12,1
819,2,600,22,3
819,3,600,14,2
819,4,600,16,2
820,0,600,16,0
820,1,600,15,2
820,2,600,15,2
820,3,600,16,0
820,4,600,16,2
821,0,600,16,0
821,1,600,8,0
821,2,600,17,1
821,3,600,19,0
821,4,600,14,1
822,0,600,21,1
822,1,600,13,1
822,2,600,18,1
822,3,600,17,1
822,4,600,19,2
823,0,600,15,2
823,1,600,19,1
823,2,600,21,0
823,3,600,11,2
823,4,600,18,3
824,0,600,15,2
824,1,600,14,1
824,2,600,18,1
824,3,600,12,0
824,4,600,19,0
825,0,600,18,2
825,1,600,15,1
825,2,600,18,1
825,3,600,18,2
825,4,600,17,2
826,0,600,16,0
826,1,600,16,2
826,2,600,19,0
826,3,600,16,3
826,4,600,15,1
827,0,600,14,0
827,1,600,19,1
827,2,600,16,2
827,3,600,12,1
827,4,600,19,2
828,0,600,15,0
828,1,600,14,2
828,2,600,17,3
828,3,600,19,0
828,4,600,9,1
829,0,600,15,1
829,1,600,21,3
829,2,600,17,1
829,3,600,15,0
829,4,600,12,1
830,0,600,16,0
830,1,600,26,3
830,2,600,21,0
830,3,600,14,3
830,4,600,15,0
831,0,600,16,1
831,1,600,15,3
831,2,600,19,1
831,3,600,17,2
831,4,600,11,1
832,0,600,16,1
832,1,600,21,0
832,2,600,11,1
832,3,600,9,0
832,4,600,15,0
833,0,600,19,2
833,1,600,20,1
833,2,600,14,1
833,3,600,17,1
833,4,600,12,1
834,0,600,16,2
834,1,600,15,1
834,2,600,17,1
834,3,600,10,0
834,4,600,14,0
835,0,600,15,2
835,1,600,14,0
835,2,600,22,2
835,3,600,15,1
835,4,600,20,1
836,0,600,15,0
836,1,600,7,2
836,2,600,17,1
836,3,600,13,0
836,4,600,12,1
837,0,600,14,1
837,1,600,10,0
837,2,600,16,2
837,3,600,13,1
837,4,600,17,0
838,0,600,16,2
838,1,600,21,1
838,2,600,18,1
838,3,600,13,3
838,4,600,14,1
839,0,600,17,1
839,1,600,23,2
839,2,600,20,2
839,3,600,11,1
839,4,600,17,2
840,0,600,12,0
840,1,600,15,0
840,2,600,13,2
840,3,600,19,3
840,4,600,17,1
841,0,600,9,1
841,1,600,17,3
841,2,600,14,1
841,3,600,17,0
841,4,600,11,1
842,0,600,13,0
842,1,600,13,1
842,2,600,15,0
842,3,600,18,3
842,4,600,19,2
843,0,600,19,0
843,1,600,18,2
843,2,600,16,1
843,3,600,9,1
843,4,600,18,4
844,0,600,15,0
844,1,600,19,2
844,2,600,16,1
844,3,600,16,2
844,4,600,22,3
845,0,600,17,2
845,1,600,19,2
845,2,600,20,1
845,3,600,10,1
845,4,600,12,0
846,0,600,13,1
846,1,600,12,0
846,2,600,19,0
846,3,600,20,2
846,4,600,18,1
847,0,600,13,0
847,1,600,16,1
847,2,600,14,2
847,3,600,15,1
847,4,600,16,0
848,0,600,11,1
848,1,600,11,0
848,2,600,10,0
848,3,600,16,2
848,4,600,16,1
849,0,600,22,3
849,1,600,14,1
849,2,600,13,0
849,3,600,22,2
849,4,600,19,2
850,0,600,17,1
850,1,600,18,0
850,2,600,16,3
850,3,600,15,1
850,4,600,16,1
851,0,600,19,1
851,1,600,19,2
851,2,600,14,1
851,3,600,17,1
851,4,600,15,1
852,0,600,18,1
852,1,600,18,1
852,2,600,17,2
852,3,600,15,1
852,4,600,12,1
853,0,600,17,3
853,1,600,16,1
853,2,600,13,1
853,3,600,18,1
853,4,600,12,0
854,0,600,12,0
854,1,600,8,0
854,2,600,17,0
854,3,600,14,0
854,4,600,17,0
855,0,600,10,2
855,1,600,21,1
855,2,600,16,3
855,3,600,17,1
855,4,600,16,1
856,0,600,16,1
856,1,600,15,3
856,2,600,20,2
856,3,600,14,0
856,4,600,19,2
857,0,600,16,1
857,1,600,16,1
857,2,600,16,0
857,3,600,26,2
857,4,600,14,0
858,0,600,17,0
858,1,600,17,1
858,2,600,14,0
858,3,600,16,1
858,4,600,12,0
859,0,600,21,2
859,1,600,13,2
859,2,600,12,2
859,3,600,17,2
859,4,600,5,0
860,0,600,16,2
860,1,600,14,1
860,2,600,18,1
860,3,600,18,1
860,4,600,14,1
861,0,600,18,2
861,1,600,17,1
861,2,600,17,0
861,3,600,21,1
861,4,600,13,0
862,0,600,18,1
862,1,600,15,2
862,2,600,17,3
862,3,600,17,2
862,4,600,19,0
863,0,600,11,0
863,1,600,17,2
863,2,600,21,4
863,3,600,12,1
863,4,600,17,1
864,0,600,17,1
864,1,600,19,3
864,2,600,15,1
864,3,600,16,1
864,4,600,13,2
865,0,600,17,0
865,1,600,21,2
865,2,600,14,1
865,3,600,9,0
865,4,600,17,1
866,0,600,18,0
866,1,600,16,2
866,2,600,17,2
866,3,600,12,1
866,4,600,9,1
867,0,600,15,2
867,1,600,19,1
867,2,600,14,0
867,3,600,21,3
867,4,600,15,2
868,0,600,9,1
868,1,600,15,1
868,2,600,15,1
868,3,600,16,0
868,4,600,25,3
869,0,600,20,1
869,1,600,14,2
869,2,600,16,1
869,3,600,15,2
869,4,600,15,2
870,0,600,15,1
870,1,600,18,1
870,2,600,17,2
870,3,600,15,1
870,4,600,17,1
871,0,600,13,1
871,1,600,20,2
871,2,600,19,1
871,3,600,19,1
871,4,600,17,3
872,0,600,20,1
872,1,600,18,0
872,2,600,11,1
872,3,600,15,0
872,4,600,20,2
873,0,600,12,1
873,1,600,16,1
873,2,600,23,2
873,3,600,9,0
873,4,600,14,2
874,0,600,16,2
874,1,600,12,1
874,2,600,21,3
874,3,600,13,0
874,4,600,18,2
875,0,600,15,1
875,1,600,18,4
875,2,600,14,0
875,3,600,14,1
875,4,600,17,2
876,0,600,18,2
876,1,600,15,1
876,2,600,16,0
876,3,600,12,1
876,4,600,17,2
877,0,600,18,1
877,1,600,15,1
877,2,600,13,1
877,3,600,15,1
877,4,600,19,2
878,0,600,19,1
878,1,600,19,1
878,2,600,14,2
878,3,600,15,2
878,4,600,13,0
879,0,600,14,1
879,1,600,12,0
879,2,600,17,2
879,3,600,19,3
879,4,600,20,2
880,0,600,11,0
880,1,600,17,1
880,2,600,21,0
880,3,600,13,0
880,4,600,10,1
881,0,600,15,1
881,1,600,20,1
881,2,600,13,1
881,3,600,24,2
881,4,600,12,1
882,0,600,18,1
882,1,600,13,2
882,2,600,18,2
882,3,600,20,0
882,4,600,13,3
883,0,600,12,1
883,1,600,19,1
883,2,600,13,2
883,3,600,20,1
883,4,600,20,1
884,0,600,19,2
884,1,600,19,2
884,2,600,13,1
884,3,600,16,0
884,4,600,17,1
885,0,600,20,2
885,1,600,18,4
885,2,600,17,0
885,3,600,14,1
885,4,600,19,1
886,0,600,11,1
886,1,600,16,1
886,2,600,22,2
886,3,600,17,0
886,4,600,18,2
887,0,600,17,3
887,1,600,17,0
887,2,600,17,0
887,3,600,18,3
887,4,600,19,0
888,0,600,12,0
888,1,600,19,2
888,2,600,18,0
888,3,600,20,2
888,4,600,13,2
889,0,600,14,1
889,1,600,21,2
889,2,600,15,1
889,3,600,11,2
889,4,600,15,0
890,0,600,15,3
890,1,600,12,1
890,2,600,13,2
890,3,600,17,0
890,4,600,17,0
891,0,600,15,1
891,1,600,13,2
891,2,600,19,2
891,3,600,14,1
891,4,600,21,2
892,0,600,19,1
892,1,600,10,1
892,2,600,14,1
892,3,600,20,1
892,4,600,15,2
893,0,600,19,2
893,1,600,18,1
893,2,600,12,0
893,3,600,10,2
893,4,600,15,1
894,0,600,13,1
894,1,600,17,1
894,2,600,14,1
894,3,600,18,1
894,4,600,18,4
895,0,600,12,1
895,1,600,19,2
895,2,600,25,3
895,3,600,17,1
895,4,600,11,1
896,0,600,12,2
896,1,600,12,1
896,2,600,15,0
896,3,600,21,1
896,4,600,18,2
897,0,600,20,3
897,1,600,12,0
897,2,600,13,1
897,3,600,15,0
897,4,600,20,4
898,0,600,13,2
898,1,600,8,1
898,2,600,18,0
898,3,600,15,0
898,4,600,10,1
899,0,600,12,0
899,1,600,17,1
899,2,600,16,3
899,3,600,16,2
899,4,600,23,0
900,0,600,14,0
900,1,600,13,2
900,2,600,15,1
900,3,600,22,3
900,4,600,20,2
901,0,600,9,1
901,1,600,17,1
901,2,600,18,2
901,3,600,15,0
901,4,600,17,2
902,0,600,18,1
902,1,600,18,2
902,2,600,17,0
902,3,600,17,2
902,4,600,16,1
903,0,600,16,0
903,1,600,13,2
903,2,600,20,1
903,3,600,13,1
903,4,600,16,4
904,0,600,14,1
904,1,600,17,1
904,2,600,19,0
904,3,600,13,0
904,4,600,17,0
905,0,600,15,2
905,1,600,13,0
905,2,600,20,3
905,3,600,19,2
905,4,600,15,1
906,0,600,14,2
906,1,600,13,1
906,2,600,14,2
906,3,600,17,0
906,4,600,20,3
907,0,600,18,2
907,1,600,21,3
907,2,600,19,2
907,3,600,14,1
907,4,600,16,0
908,0,600,16,3
908,1,600,15,0
908,2,600,11,3
908,3,600,15,0
908,4,600,15,2
909,0,600,21,0
909,1,600,21,2
909,2,600,16,1
909,3,600,13,1
909,4,600,5,0
910,0,600,10,1
910,1,600,18,1
910,2,600,23,1
910,3,600,12,2
910,4,600,21,3
911,0,600,18,1
911,1,600,16,1
911,2,600,18,1
911,3,600,19,2
911,4,600,13,1
912,0,600,14,3
912,1,600,16,2
912,2,600,17,1
912,3,600,21,1
912,4,600,12,1
913,0,600,18,0
913,1,600,18,1
913,2,600,13,0
913,3,600,15,1
913,4,600,14,0
914,0,600,17,1
914,1,600,16,1
914,2,600,20,1
914,3,600,14,3
914,4,600,13,2
915,0,600,17,2
915,1,600,14,1
915,2,600,14,1
915,3,600,16,1
915,4,600,21,1
916,0,600,17,2
916,1,600,13,1
916,2,600,18,1
916,3,600,20,3
916,4,600,16,1
917,0,600,18,1
917,1,600,12,1
917,2,600,22,2
917,3,600,12,0
917,4,600,16,2
918,0,600,15,1
918,1,600,23,4
918,2,600,13,1
918,3,600,17,1
918,4,600,20,1
919,0,600,19,3
919,1,600,13,0
919,2,600,13,2
919,3,600,13,2
919,4,600,16,1
920,0,600,10,1
920,1,600,14,0
920,2,600,18,3
920,3,600,16,1
920,4,600,18,3
921,0,600,20,2
921,1,600,17,1
921,2,600,19,2
921,3,600,15,2
921,4,600,15,1
922,0,600,17,1
922,1,600,16,1
922,2,600,15,0
922,3,600,16,2
922,4,600,16,4
923,0,600,18,2
923,1,600,15,0
923,2,600,16,1
923,3,600,17,2
923,4,600,16,1
924,0,600,14,3
924,1,600,14,1
924,2,600,20,2
924,3,600,16,2
924,4,600,22,0
925,0,600,23,2
925,1,600,15,1
925,2,600,18,1
925,3,600,9,1
925,4,600,15,1
926,0,600,16,1
926,1,600,9,0
926,2,600,14,2
926,3,600,18,0
926,4,600,19,3
927,0,600,15,2
927,1,600,20,1
927,2,600,18,2
927,3,600,14,2
927,4,600,13,1
928,0,600,22,1
928,1,600,15,2
928,2,600,12,0
928,3,600,18,1
928,4,600,9,0
929,0,600,12,2
929,1,600,13,1
929,2,600,13,0
929,3,600,12,0
929,4,600,12,1
930,0,600,10,1
930,1,600,22,2
930,2,600,18,1
930,3,600,12,2
930,4,600,20,0
931,0,600,20,1
931,1,600,18,2
931,2,600,14,1
931,3,600,19,3
931,4,600,15,1
932,0,600,17,2
932,1,600,14,2
932,2,600,18,0
932,3,600,17,1
932,4,600,10,1
933,0,600,17,2
933,1,600,16,1
933,2,600,22,1
933,3,600,16,1
933,4,600,13,1
934,0,600,15,2
934,1,600,16,2
934,2,600,9,1
934,3,600,15,2
934,4,600,13,1
935,0,600,21,2
935,1,600,8,0
935,2,600,12,0
935,3,600,22,2
935,4,600,15,2
936,0,600,17,2
936,1,600,12,1
936,2,600,8,0
936,3,600,20,2
936,4,600,13,1
937,0,600,17,1
937,1,600,12,1
937,2,600,14,0
937,3,600,14,0
937,4,600,17,2
938,0,600,12,0
938,1,600,14,3
938,2,600,18,3
938,3,600,19,0
938,4,600,13,0
939,0,600,12,2
939,1,600,13,1
939,2,600,13,0
939,3,600,23,2
939,4,600,13,1
940,0,600,18,1
940,1,600,15,2
940,2,600,19,2
940,3,600,18,1
940,4,600,12,2
941,0,600,15,1
941,1,600,12,1
941,2,600,19,1
941,3,600,11,0
941,4,600,15,1
942,0,600,16,2
942,1,600,24,3
942,2,600,18,0
942,3,600,18,0
942,4,600,16,1
943,0,600,12,2
943,1,600,21,1
943,2,600,17,1
943,3,600,20,2
943,4,600,16,0
944,0,600,15,2
944,1,600,15,0
944,2,600,26,2
944,3,600,9,0
944,4,600,9,0
945,0,600,19,1
945,1,600,13,1
945,2,600,13,0
945,3,600,13,1
945,4,600,12,1
946,0,600,11,0
946,1,600,13,0
946,2,600,16,1
946,3,600,10,1
946,4,600,14,0
947,0,600,19,2
947,1,600,17,1
947,2,600,18,2
947,3,600,10,0
947,4,600,18,1
948,0,600,16,2
948,1,600,11,1
948,2,600,14,1
948,3,600,14,1
948,4,600,19,1
949,0,600,20,0
949,1,600,10,0
949,2,600,12,0
949,3,600,16,1
949,4,600,14,1
950,0,600,9,1
950,1,600,12,1
950,2,600,16,1
950,3,600,19,1
950,4,600,20,2
951,0,600,10,0
951,1,600,15,2
951,2,600,12,1
951,3,600,17,2
951,4,600,22,1
952,0,600,16,2
952,1,600,15,1
952,2,600,16,0
952,3,600,14,2
952,4,600,13,1
953,0,600,14,2
953,1,600,13,0
953,2,600,19,2
953,3,600,15,1
953,4,600,15,1
954,0,600,13,0
954,1,600,14,2
954,2,600,18,2
954,3,600,16,2
954,4,600,13,2
955,0,600,11,1
955,1,600,15,0
955,2,600,22,3
955,3,600,14,1
955,4,600,16,1
956,0,600,15,2
956,1,600,13,3
956,2,600,16,0
956,3,600,15,0
956,4,600,9,1
957,0,600,20,2
957,1,600,14,2
957,2,600,14,1
957,3,600,21,2
957,4,600,11,1
958,0,600,18,0
958,1,600,14,0
958,2,600,14,0
958,3,600,17,3
958,4,600,15,3
959,0,600,17,1
959,1,600,15,2
959,2,600,20,2
959,3,600,14,1
959,4,600,20,2
960,0,600,17,1
960,1,600,14,2
960,2,600,13,2
960,3,600,14,1
960,4,600,12,0
961,0,600,11,1
961,1,600,15,1
961,2,600,11,1
961,3,600,13,1
961,4,600,18,2
962,0,600,17,2
962,1,600,14,2
962,2,600,19,1
962,3,600,18,1
962,4,600,18,2
963,0,600,16,2
963,1,600,10,0
963,2,600,14,4
963,3,600,16,2
963,4,600,18,0
964,0,600,14,1
964,1,600,18,1
964,2,600,14,2
964,3,600,13,2
964,4,600,17,0
965,0,600,16,1
965,1,600,14,1
965,2,600,14,1
965,3,600,13,2
965,4,600,11,1
966,0,600,17,2
966,1,600,21,1
966,2,600,12,0
966,3,600,14,3
966,4,600,16,2
967,0,600,9,1
967,1,600,13,0
967,2,600,15,1
967,3,600,19,2
967,4,600,16,0
968,0,600,14,2
968,1,600,17,1
968,2,600,18,2
968,3,600,15,0
968,4,600,18,1
969,0,600,10,0
969,1,600,23,1
969,2,600,13,0
969,3,600,15,2
969,4,600,15,3
970,0,600,17,1
970,1,600,15,2
970,2,600,17,3
970,3,600,17,1
970,4,600,18,1
971,0,600,16,3
971,1,600,12,0
971,2,600,10,1
971,3,600,17,2
971,4,600,13,2
972,0,600,16,2
972,1,600,17,0
972,2,600,11,1
972,3,600,16,2
972,4,600,16,1
973,0,600,18,2
973,1,600,14,0
973,2,600,21,3
973,3,600,21,1
973,4,600,14,2
974,0,600,16,1
974,1,600,16,1
974,2,600,18,2
974,3,600,19,2
974,4,600,13,0
975,0,600,15,1
975,1,600,23,0
975,2,600,18,2
975,3,600,15,0
975,4,600,15,1
976,0,600,14,2
976,1,600,20,1
976,2,600,18,1
976,3,600,13,1
976,4,600,21,3
977,0,600,13,0
977,1,600,15,1
977,2,600,13,0
977,3,600,21,1
977,4,600,12,2
978,0,600,17,0
978,1,600,13,1
978,2,600,19,3
978,3,600,18,0
978,4,600,19,2
979,0,600,9,1
979,1,600,17,1
979,2,600,20,2
979,3,600,12,0
979,4,600,16,2
980,0,600,14,0
980,1,600,13,3
980,2,600,11,1
980,3,600,17,1
980,4,600,15,1
981,0,600,17,1
981,1,600,17,0
981,2,600,15,0
981,3,600,11,2
981,4,600,18,1
982,0,600,15,1
982,1,600,14,1
982,2,600,16,1
982,3,600,14,0
982,4,600,15,1
983,0,600,19,2
983,1,600,15,3
983,2,600,12,0
983,3,600,14,0
983,4,600,22,3
984,0,600,12,1
984,1,600,16,2
984,2,600,18,0
984,3,600,16,2
984,4,600,18,1
985,0,600,18,1
985,1,600,16,1
985,2,600,14,0
985,3,600,17,2
985,4,600,13,2
986,0,600,18,2
986,1,600,12,0
986,2,600,13,2
986,3,600,11,2
986,4,600,18,2
987,0,600,18,2
987,1,600,16,3
987,2,600,14,0
987,3,600,16,0
987,4,600,12,3
988,0,600,16,1
988,1,600,11,2
988,2,600,17,2
988,3,600,19,1
988,4,600,15,0
989,0,600,17,2
989,1,600,17,2
989,2,600,18,3
989,3,600,17,1
989,4,600,15,0
990,0,600,16,3
990,1,600,15,0
990,2,600,17,2
990,3,600,23,2
990,4,600,17,1
991,0,600,18,2
991,1,600,17,2
991,2,600,15,2
991,3,600,17,1
991,4,600,19,1
992,0,600,11,0
992,1,600,15,1
992,2,600,18,2
992,3,600,19,1
992,4,600,11,0
993,0,600,12,0
993,1,600,21,3
993,2,600,18,3
993,3,600,11,1
993,4,600,16,1
994,0,600,14,2
994,1,600,19,2
994,2,600,16,0
994,3,600,14,1
994,4,600,17,1
995,0,600,18,2
995,1,600,12,1
995,2,600,16,3
995,3,600,11,1
995,4,600,21,1
996,0,600,14,4
996,1,600,16,2
996,2,600,18,0
996,3,600,10,1
996,4,600,14,1
997,0,600,12,1
997,1,600,15,1
997,2,600,17,0
997,3,600,18,3
997,4,600,16,1
998,0,600,10,0
998,1,600,16,1
998,2,600,16,1
998,3,600,11,3
998,4,600,23,3
999,0,600,14,1
999,1,600,12,0
999,2,600,13,0
999,3,600,16,1
999,4,600,15,0
