dataset,model_id,backbone,mode,fold,n_test,n_calib,n_val,temperature,accuracy,macro_f1,macro_precision,macro_recall,kappa,mcc,ece_raw,ece_adaptive_raw,brier_raw,nll_raw,mean_confidence_raw,ece_ts,ece_adaptive_ts,brier_ts,nll_ts,mean_confidence_ts,aurc_msp,eaurc_msp,oracle_cov_at_target_msp,aurc_entropy,eaurc_entropy,oracle_cov_at_target_entropy,plugin_calib_coverage,plugin_test_coverage,plugin_test_sel_acc,sgr_calib_coverage,sgr_test_coverage,sgr_test_sel_acc,sgr_certified,sgr_risk_bound,cov_lac_a0.10,size_lac_a0.10,singleton_lac_a0.10,worstcls_lac_a0.10,feasible_lac_a0.10,cov_aps_a0.10,size_aps_a0.10,singleton_aps_a0.10,worstcls_aps_a0.10,feasible_aps_a0.10,cov_aps_rand_a0.10,size_aps_rand_a0.10,singleton_aps_rand_a0.10,worstcls_aps_rand_a0.10,feasible_aps_rand_a0.10,cov_lac_classwise_a0.10,size_lac_classwise_a0.10,singleton_lac_classwise_a0.10,worstcls_lac_classwise_a0.10,feasible_lac_classwise_a0.10,cov_lac_a0.05,size_lac_a0.05,singleton_lac_a0.05,worstcls_lac_a0.05,feasible_lac_a0.05,cov_aps_a0.05,size_aps_a0.05,singleton_aps_a0.05,worstcls_aps_a0.05,feasible_aps_a0.05,cov_aps_rand_a0.05,size_aps_rand_a0.05,singleton_aps_rand_a0.05,worstcls_aps_rand_a0.05,feasible_aps_rand_a0.05,cov_lac_classwise_a0.05,size_lac_classwise_a0.05,singleton_lac_classwise_a0.05,worstcls_lac_classwise_a0.05,feasible_lac_classwise_a0.05,n_parameters,run_id,git_commit
hushem,mobilenetv3-ft,mobilenetv3_large,finetune,0,44,34,26,0.509917,0.772727,0.774148,0.791964,0.772727,0.696970,0.701820,0.100192,0.126372,0.290120,0.553386,0.781847,0.140203,0.163245,0.316896,0.691859,0.874457,0.056139,0.025538,0.636364,0.057532,0.026931,0.636364,0.617647,0.386364,1.000000,0.000000,0.000000,,False,1.000000,0.954545,1.681818,0.522727,0.909091,True,1.000000,3.818182,0.000000,1.000000,True,0.954545,1.613636,0.545455,0.909091,True,0.954545,3.113636,0.000000,0.818182,False,1.000000,2.681818,0.136364,1.000000,True,1.000000,4.000000,0.000000,1.000000,True,1.000000,2.863636,0.113636,1.000000,True,1.000000,4.000000,0.000000,1.000000,False,4207156,main/hushem/mobilenetv3-ft/fold0@c865547ffce7,c865547ffce7fd754b1d01f645f8efd9448c890b
hushem,mobilenetv3-ft,mobilenetv3_large,finetune,1,43,35,26,0.699842,0.813953,0.812128,0.827877,0.813636,0.751625,0.757115,0.162521,0.144710,0.317392,0.691614,0.935603,0.177486,0.149465,0.337635,0.923412,0.961580,0.061802,0.041165,0.511628,0.061138,0.040500,0.511628,0.628571,0.720930,0.935484,0.000000,0.000000,,False,1.000000,0.860465,1.186047,0.860465,0.727273,True,1.000000,3.604651,0.023256,1.000000,True,0.860465,1.139535,0.883721,0.727273,True,0.930233,2.069767,0.162791,0.909091,False,0.976744,2.093023,0.348837,0.909091,True,1.000000,3.697674,0.023256,1.000000,True,0.976744,2.069767,0.348837,0.909091,True,1.000000,4.000000,0.000000,1.000000,False,4207156,main/hushem/mobilenetv3-ft/fold1@9911191dfb3a,c865547ffce7fd754b1d01f645f8efd9448c890b
hushem,mobilenetv3-ft,mobilenetv3_large,finetune,2,43,35,26,1.146566,0.790698,0.787546,0.797890,0.785606,0.719768,0.722396,0.076628,0.106198,0.246444,0.441194,0.788193,0.092064,0.120595,0.249737,0.454958,0.763792,0.042167,0.016140,0.697674,0.042260,0.016232,0.744186,0.371429,0.395349,1.000000,0.000000,0.000000,,False,1.000000,0.906977,1.302326,0.720930,0.833333,True,1.000000,3.023256,0.023256,1.000000,True,0.976744,1.651163,0.511628,0.916667,True,0.906977,2.116279,0.162791,0.818182,False,1.000000,2.000000,0.372093,1.000000,True,1.000000,3.116279,0.000000,1.000000,True,0.976744,1.813953,0.418605,0.916667,True,1.000000,4.000000,0.000000,1.000000,False,4207156,main/hushem/mobilenetv3-ft/fold2@9911191dfb3a,c865547ffce7fd754b1d01f645f8efd9448c890b
hushem,mobilenetv3-ft,mobilenetv3_large,finetune,3,43,35,26,1.209220,0.697674,0.670985,0.682051,0.691667,0.594928,0.602419,0.163825,0.176998,0.419045,0.913241,0.827098,0.145044,0.173055,0.406663,0.836051,0.796521,0.114422,0.059779,0.255814,0.116149,0.061506,0.255814,0.314286,0.325581,0.928571,0.000000,0.000000,,False,1.000000,0.883721,1.813953,0.441860,0.600000,True,1.000000,3.348837,0.023256,1.000000,True,0.860465,1.697674,0.558140,0.500000,True,0.883721,2.279070,0.069767,0.750000,False,0.953488,2.581395,0.186047,0.800000,True,1.000000,3.837209,0.000000,1.000000,True,0.953488,2.604651,0.162791,0.800000,True,1.000000,4.000000,0.000000,1.000000,False,4207156,main/hushem/mobilenetv3-ft/fold3@9911191dfb3a,c865547ffce7fd754b1d01f645f8efd9448c890b
hushem,mobilenetv3-ft,mobilenetv3_large,finetune,4,43,35,26,1.208963,0.883721,0.881548,0.886033,0.886364,0.844989,0.848050,0.152791,0.168427,0.240919,0.562594,0.900777,0.141690,0.172626,0.238856,0.518167,0.874015,0.056753,0.048373,0.604651,0.053597,0.045217,0.604651,0.428571,0.418605,0.944444,0.000000,0.000000,,False,1.000000,0.930233,1.325581,0.697674,0.818182,True,1.000000,3.720930,0.023256,1.000000,True,0.930233,1.348837,0.627907,0.909091,True,0.953488,2.767442,0.000000,0.909091,False,1.000000,4.000000,0.000000,1.000000,True,1.000000,4.000000,0.000000,1.000000,True,1.000000,4.000000,0.000000,1.000000,True,1.000000,4.000000,0.000000,1.000000,False,4207156,main/hushem/mobilenetv3-ft/fold4@cafbaff721b5,c865547ffce7fd754b1d01f645f8efd9448c890b
hushem,mobilenetv3-lp,mobilenetv3_large,linear_probe,0,44,34,26,1.016956,0.636364,0.633909,0.667424,0.636364,0.515152,0.522768,0.185341,0.172143,0.463313,0.814399,0.780881,0.174756,0.169838,0.461624,0.810464,0.777187,0.187252,0.107150,0.068182,0.177511,0.097409,0.090909,0.588235,0.545455,0.791667,0.000000,0.000000,,False,1.000000,0.886364,1.568182,0.545455,0.727273,True,1.000000,3.590909,0.022727,1.000000,True,0.863636,1.840909,0.409091,0.727273,True,0.977273,3.090909,0.000000,0.909091,False,0.977273,2.727273,0.113636,0.909091,True,1.000000,4.000000,0.000000,1.000000,True,0.954545,2.636364,0.090909,0.818182,True,1.000000,4.000000,0.000000,1.000000,False,4207156,main/hushem/mobilenetv3-lp/fold0@cafbaff721b5,c865547ffce7fd754b1d01f645f8efd9448c890b
hushem,mobilenetv3-lp,mobilenetv3_large,linear_probe,1,43,35,26,1.056990,0.674419,0.669956,0.681090,0.672727,0.565343,0.569056,0.179835,0.191283,0.449254,0.905797,0.800912,0.178238,0.193797,0.444430,0.884930,0.789852,0.148727,0.085052,0.511628,0.148178,0.084504,0.488372,0.857143,0.860465,0.702703,0.000000,0.000000,,False,1.000000,0.837209,1.581395,0.488372,0.600000,True,1.000000,3.511628,0.023256,1.000000,True,0.883721,2.139535,0.279070,0.727273,True,0.837209,2.000000,0.162791,0.636364,False,0.953488,2.395349,0.209302,0.900000,True,1.000000,4.000000,0.000000,1.000000,True,0.953488,2.767442,0.116279,0.900000,True,1.000000,4.000000,0.000000,1.000000,False,4207156,main/hushem/mobilenetv3-lp/fold1@cafbaff721b5,c865547ffce7fd754b1d01f645f8efd9448c890b
hushem,mobilenetv3-lp,mobilenetv3_large,linear_probe,2,43,35,26,1.152556,0.767442,0.765476,0.775794,0.768939,0.689978,0.694491,0.162006,0.157925,0.319833,0.601768,0.677894,0.190188,0.185099,0.333111,0.633353,0.642998,0.069459,0.037357,0.558140,0.066943,0.034840,0.558140,0.114286,0.046512,1.000000,0.000000,0.000000,,False,1.000000,0.976744,2.395349,0.279070,0.900000,True,1.000000,3.744186,0.000000,1.000000,True,0.976744,2.418605,0.209302,0.900000,True,0.976744,2.651163,0.046512,0.909091,False,1.000000,3.046512,0.023256,1.000000,True,1.000000,4.000000,0.000000,1.000000,True,0.976744,2.860465,0.023256,0.900000,True,1.000000,4.000000,0.000000,1.000000,False,4207156,main/hushem/mobilenetv3-lp/fold2@cafbaff721b5,c865547ffce7fd754b1d01f645f8efd9448c890b
hushem,mobilenetv3-lp,mobilenetv3_large,linear_probe,3,43,35,26,0.884056,0.651163,0.632675,0.628205,0.641667,0.533285,0.534449,0.141108,0.214418,0.505979,0.911161,0.626555,0.115033,0.267190,0.507769,0.916500,0.657351,0.213470,0.139962,0.162791,0.217538,0.144030,0.116279,0.600000,0.534884,0.695652,0.000000,0.000000,,False,1.000000,0.744186,1.325581,0.674419,0.500000,True,1.000000,3.186047,0.046512,1.000000,True,0.744186,1.534884,0.534884,0.500000,True,0.953488,2.837209,0.000000,0.909091,False,1.000000,3.069767,0.046512,1.000000,True,1.000000,4.000000,0.000000,1.000000,True,1.000000,3.767442,0.000000,1.000000,True,1.000000,4.000000,0.000000,1.000000,False,4207156,main/hushem/mobilenetv3-lp/fold3@cafbaff721b5,c865547ffce7fd754b1d01f645f8efd9448c890b
hushem,mobilenetv3-lp,mobilenetv3_large,linear_probe,4,43,35,26,1.078153,0.790698,0.794393,0.822917,0.790909,0.720376,0.728325,0.183380,0.193556,0.332920,0.661279,0.695535,0.130963,0.202095,0.338774,0.671503,0.676112,0.078448,0.052420,0.488372,0.074232,0.048204,0.534884,0.571429,0.558140,0.875000,0.000000,0.000000,,False,1.000000,0.930233,1.790698,0.372093,0.818182,True,0.976744,3.186047,0.023256,0.909091,True,0.953488,1.837209,0.302326,0.818182,True,0.930233,2.558140,0.046512,0.800000,False,0.976744,2.790698,0.116279,0.909091,True,1.000000,4.000000,0.000000,1.000000,True,0.953488,2.720930,0.069767,0.818182,True,1.000000,4.000000,0.000000,1.000000,False,4207156,main/hushem/mobilenetv3-lp/fold4@cafbaff721b5,c865547ffce7fd754b1d01f645f8efd9448c890b
hushem,resnet50-lp,resnet50,linear_probe,0,44,34,26,0.745344,0.545455,0.531838,0.545455,0.545455,0.393939,0.400902,0.151951,0.226569,0.581993,1.048979,0.487100,0.123232,0.170148,0.577594,1.030177,0.551615,0.362529,0.233493,0.090909,0.393439,0.264403,0.090909,0.147059,0.090909,1.000000,0.000000,0.000000,,False,1.000000,0.931818,2.772727,0.090909,0.818182,True,1.000000,3.818182,0.000000,1.000000,True,0.931818,2.818182,0.022727,0.909091,True,1.000000,3.659091,0.000000,1.000000,False,1.000000,3.840909,0.000000,1.000000,True,1.000000,4.000000,0.000000,1.000000,True,1.000000,3.568182,0.000000,1.000000,True,1.000000,4.000000,0.000000,1.000000,False,23516228,main/hushem/resnet50-lp/fold0@cafbaff721b5,c865547ffce7fd754b1d01f645f8efd9448c890b
hushem,resnet50-lp,resnet50,linear_probe,1,43,35,26,0.717019,0.627907,0.614637,0.626190,0.622727,0.502531,0.508085,0.182125,0.224113,0.506371,0.944775,0.497385,0.159253,0.196293,0.476834,0.879363,0.583385,0.164585,0.080414,0.279070,0.158495,0.074323,0.255814,0.142857,0.302326,0.923077,0.000000,0.000000,,False,1.000000,0.976744,2.348837,0.186047,0.900000,True,1.000000,3.302326,0.000000,1.000000,True,0.930233,2.139535,0.139535,0.800000,True,0.930233,2.860465,0.000000,0.727273,False,1.000000,3.325581,0.000000,1.000000,True,1.000000,4.000000,0.000000,1.000000,True,1.000000,3.976744,0.000000,1.000000,True,1.000000,4.000000,0.000000,1.000000,False,23516228,main/hushem/resnet50-lp/fold1@cafbaff721b5,c865547ffce7fd754b1d01f645f8efd9448c890b
hushem,resnet50-lp,resnet50,linear_probe,2,43,35,26,1.177222,0.697674,0.700595,0.724359,0.694318,0.596390,0.600740,0.201283,0.206805,0.442966,0.840453,0.619793,0.185575,0.225751,0.455211,0.863493,0.575776,0.142743,0.088099,0.162791,0.144194,0.089551,0.162791,0.228571,0.302326,0.923077,0.000000,0.000000,,False,1.000000,0.883721,2.000000,0.232558,0.800000,True,1.000000,3.534884,0.000000,1.000000,True,0.906977,2.372093,0.069767,0.833333,True,0.906977,2.511628,0.046512,0.800000,False,0.953488,2.302326,0.186047,0.900000,True,1.000000,4.000000,0.000000,1.000000,True,1.000000,3.720930,0.000000,1.000000,True,1.000000,4.000000,0.000000,1.000000,False,23516228,main/hushem/resnet50-lp/fold2@cafbaff721b5,c865547ffce7fd754b1d01f645f8efd9448c890b
hushem,resnet50-lp,resnet50,linear_probe,3,43,35,26,0.956509,0.627907,0.607262,0.616667,0.618939,0.503249,0.511052,0.171436,0.306158,0.594569,1.189751,0.692208,0.209172,0.305865,0.596882,1.210591,0.702722,0.345181,0.261010,0.046512,0.364468,0.280296,0.046512,0.000000,0.000000,,0.000000,0.000000,,False,1.000000,0.837209,2.302326,0.116279,0.600000,True,1.000000,4.000000,0.000000,1.000000,True,0.860465,2.465116,0.093023,0.700000,True,0.976744,3.000000,0.000000,0.916667,False,1.000000,3.627907,0.023256,1.000000,True,1.000000,4.000000,0.000000,1.000000,True,1.000000,3.813953,0.000000,1.000000,True,1.000000,4.000000,0.000000,1.000000,False,23516228,main/hushem/resnet50-lp/fold3@cafbaff721b5,c865547ffce7fd754b1d01f645f8efd9448c890b
hushem,resnet50-lp,resnet50,linear_probe,4,43,35,26,1.024254,0.627907,0.622921,0.624553,0.625000,0.503249,0.504344,0.163773,0.202895,0.487173,0.885423,0.676913,0.135134,0.203418,0.486209,0.883619,0.671098,0.185103,0.100932,0.232558,0.171872,0.087701,0.255814,0.000000,0.000000,,0.000000,0.000000,,False,1.000000,0.953488,2.534884,0.162791,0.900000,True,1.000000,4.000000,0.000000,1.000000,True,0.930233,2.558140,0.116279,0.900000,True,0.976744,3.116279,0.023256,0.900000,False,1.000000,3.558140,0.000000,1.000000,True,1.000000,4.000000,0.000000,1.000000,True,0.976744,3.279070,0.023256,0.909091,True,1.000000,4.000000,0.000000,1.000000,False,23516228,main/hushem/resnet50-lp/fold4@cafbaff721b5,c865547ffce7fd754b1d01f645f8efd9448c890b
hushem,dinov2s-lp,dinov2_vits14,linear_probe,0,44,34,26,1.018652,0.772727,0.768603,0.787879,0.772727,0.696970,0.703295,0.252710,0.283898,0.409137,0.763394,0.587921,0.255744,0.286787,0.411570,0.767996,0.583025,0.167351,0.136750,0.068182,0.174547,0.143945,0.045455,0.617647,0.522727,0.869565,0.000000,0.000000,,False,1.000000,0.931818,1.909091,0.340909,0.909091,True,0.977273,2.863636,0.022727,0.909091,True,0.886364,1.727273,0.409091,0.727273,True,0.931818,2.727273,0.000000,0.818182,False,0.954545,2.363636,0.136364,0.909091,True,1.000000,4.000000,0.000000,1.000000,True,1.000000,3.772727,0.000000,1.000000,True,1.000000,4.000000,0.000000,1.000000,False,21630340,main/hushem/dinov2s-lp/fold0@cafbaff721b5,c865547ffce7fd754b1d01f645f8efd9448c890b
hushem,dinov2s-lp,dinov2_vits14,linear_probe,1,43,35,26,0.974505,0.674419,0.671057,0.687563,0.670455,0.565029,0.570001,0.141581,0.137228,0.421648,0.747221,0.673449,0.163637,0.138201,0.421802,0.745974,0.679470,0.162422,0.098748,0.302326,0.167210,0.103536,0.325581,0.400000,0.372093,0.875000,0.000000,0.000000,,False,1.000000,0.883721,1.534884,0.558140,0.818182,True,1.000000,3.302326,0.046512,1.000000,True,0.883721,1.720930,0.488372,0.818182,True,0.837209,2.395349,0.116279,0.454545,False,0.976744,2.627907,0.162791,0.909091,True,1.000000,3.767442,0.000000,1.000000,True,0.976744,2.930233,0.046512,0.909091,True,1.000000,4.000000,0.000000,1.000000,False,21630340,main/hushem/dinov2s-lp/fold1@cafbaff721b5,c865547ffce7fd754b1d01f645f8efd9448c890b
hushem,dinov2s-lp,dinov2_vits14,linear_probe,2,43,35,26,0.945900,0.813953,0.816071,0.817045,0.817045,0.751625,0.752168,0.172041,0.175480,0.245902,0.462803,0.736546,0.176411,0.168695,0.242261,0.449672,0.750782,0.040990,0.020353,0.744186,0.041294,0.020657,0.720930,0.114286,0.209302,1.000000,0.000000,0.000000,,False,1.000000,1.000000,2.325581,0.279070,1.000000,True,1.000000,2.953488,0.093023,1.000000,True,1.000000,2.325581,0.209302,1.000000,True,0.906977,2.279070,0.093023,0.750000,False,1.000000,2.744186,0.139535,1.000000,True,1.000000,3.953488,0.000000,1.000000,True,1.000000,2.906977,0.069767,1.000000,True,1.000000,4.000000,0.000000,1.000000,False,21630340,main/hushem/dinov2s-lp/fold2@cafbaff721b5,c865547ffce7fd754b1d01f645f8efd9448c890b
hushem,dinov2s-lp,dinov2_vits14,linear_probe,3,43,35,26,1.009537,0.581395,0.570076,0.571023,0.573106,0.440751,0.442031,0.245392,0.243982,0.502529,0.873179,0.706269,0.244622,0.243725,0.501708,0.871623,0.704194,0.255804,0.147688,0.023256,0.252119,0.144003,0.023256,0.171429,0.116279,0.800000,0.000000,0.000000,,False,1.000000,0.906977,1.906977,0.325581,0.800000,True,0.976744,2.906977,0.023256,0.900000,True,0.953488,2.069767,0.302326,0.800000,True,0.953488,2.581395,0.023256,0.800000,False,0.953488,2.697674,0.116279,0.800000,True,1.000000,4.000000,0.000000,1.000000,True,0.953488,2.651163,0.069767,0.800000,True,1.000000,4.000000,0.000000,1.000000,False,21630340,main/hushem/dinov2s-lp/fold3@cafbaff721b5,c865547ffce7fd754b1d01f645f8efd9448c890b
hushem,dinov2s-lp,dinov2_vits14,linear_probe,4,43,35,26,0.831377,0.813953,0.815269,0.827652,0.818182,0.752161,0.755979,0.123161,0.110056,0.264224,0.475701,0.849359,0.121207,0.111782,0.275724,0.491799,0.883237,0.037799,0.017162,0.697674,0.039293,0.018656,0.674419,0.142857,0.139535,1.000000,0.000000,0.000000,,False,1.000000,1.000000,2.534884,0.209302,1.000000,True,1.000000,3.534884,0.000000,1.000000,True,1.000000,2.209302,0.232558,1.000000,True,1.000000,3.116279,0.000000,1.000000,False,1.000000,3.604651,0.000000,1.000000,True,1.000000,4.000000,0.000000,1.000000,True,1.000000,3.558140,0.000000,1.000000,True,1.000000,4.000000,0.000000,1.000000,False,21630340,main/hushem/dinov2s-lp/fold4@cafbaff721b5,c865547ffce7fd754b1d01f645f8efd9448c890b
smids,mobilenetv3-lp,mobilenetv3_large,linear_probe,0,590,471,354,1.174378,0.827119,0.827089,0.826985,0.827242,0.740634,0.740656,0.050181,0.048698,0.256970,0.446980,0.868207,0.028799,0.029304,0.253547,0.434082,0.844463,0.061002,0.044967,0.510169,0.062439,0.046405,0.484746,0.509554,0.525424,0.945161,0.000000,0.000000,,False,1.000000,0.901695,1.227119,0.783051,0.882051,True,1.000000,2.666102,0.035593,1.000000,True,0.894915,1.328814,0.628814,0.870647,True,0.908475,1.235593,0.772881,0.890547,True,0.950847,1.476271,0.574576,0.940299,True,1.000000,2.838983,0.010169,1.000000,True,0.957627,1.650847,0.423729,0.953608,True,0.962712,1.494915,0.559322,0.948718,True,4205875,main/smids/mobilenetv3-lp/fold0@cafbaff721b5,cafbaff721b5976ce1c4ce114bd1ec619216e7ef
smids,mobilenetv3-lp,mobilenetv3_large,linear_probe,1,590,471,354,1.020452,0.844068,0.844826,0.845679,0.844396,0.766099,0.766300,0.028744,0.034444,0.231047,0.402734,0.823938,0.024448,0.036842,0.231353,0.403566,0.820381,0.051970,0.038995,0.581356,0.053864,0.040888,0.572881,0.524416,0.515254,0.963816,0.000000,0.000000,,False,1.000000,0.908475,1.191525,0.811864,0.892308,True,1.000000,2.700000,0.042373,1.000000,True,0.916949,1.466102,0.522034,0.892308,True,0.911864,1.223729,0.781356,0.907216,True,0.971186,1.498305,0.562712,0.953846,True,1.000000,2.857627,0.008475,1.000000,True,0.964407,1.681356,0.405085,0.953846,True,0.969492,1.547458,0.532203,0.955224,True,4205875,main/smids/mobilenetv3-lp/fold1@cafbaff721b5,cafbaff721b5976ce1c4ce114bd1ec619216e7ef
smids,mobilenetv3-lp,mobilenetv3_large,linear_probe,2,589,472,354,0.994822,0.850594,0.851234,0.852749,0.850485,0.775808,0.776174,0.025013,0.038976,0.213710,0.370943,0.828584,0.025956,0.038522,0.213621,0.370667,0.829449,0.044937,0.033048,0.629881,0.045818,0.033929,0.619694,0.724576,0.752122,0.932280,0.000000,0.000000,,False,1.000000,0.911715,1.159593,0.840407,0.865979,True,1.000000,2.568761,0.057725,1.000000,True,0.882852,1.251273,0.657046,0.860000,True,0.916808,1.168081,0.833616,0.865979,True,0.943973,1.286927,0.731749,0.917526,True,1.000000,2.848896,0.008489,1.000000,True,0.962649,1.550085,0.499151,0.958763,True,0.945671,1.322581,0.707980,0.917526,True,4205875,main/smids/mobilenetv3-lp/fold2@cafbaff721b5,cafbaff721b5976ce1c4ce114bd1ec619216e7ef
smids,mobilenetv3-lp,mobilenetv3_large,linear_probe,3,589,472,354,1.019326,0.818336,0.819341,0.820714,0.818433,0.727455,0.727647,0.037089,0.043672,0.252254,0.435253,0.841321,0.034906,0.044011,0.252043,0.434657,0.838207,0.059055,0.041299,0.519525,0.060440,0.042684,0.512733,0.472458,0.471986,0.967626,0.000000,0.000000,,False,1.000000,0.891341,1.152801,0.847199,0.871134,True,1.000000,2.551783,0.052632,1.000000,True,0.881154,1.295416,0.640068,0.865000,True,0.881154,1.154499,0.845501,0.855000,True,0.949066,1.458404,0.609508,0.938144,True,1.000000,2.736842,0.015280,1.000000,True,0.960951,1.653650,0.434635,0.953846,True,0.954160,1.543294,0.519525,0.905000,True,4205875,main/smids/mobilenetv3-lp/fold3@cafbaff721b5,cafbaff721b5976ce1c4ce114bd1ec619216e7ef
smids,mobilenetv3-lp,mobilenetv3_large,linear_probe,4,589,472,354,0.920969,0.847199,0.847065,0.848438,0.846767,0.770703,0.771207,0.058301,0.060576,0.236216,0.428691,0.790104,0.041511,0.046914,0.233144,0.422603,0.805688,0.051694,0.039245,0.560272,0.053788,0.041340,0.528014,0.703390,0.670628,0.936709,0.254237,0.261460,0.980519,True,0.042352,0.898132,1.113752,0.882852,0.850515,True,0.996604,2.582343,0.076401,0.994845,True,0.872666,1.293718,0.599321,0.846154,True,0.889643,1.142615,0.843803,0.830769,True,0.933786,1.302207,0.713073,0.891753,True,1.000000,2.730051,0.032258,1.000000,True,0.937182,1.511036,0.507640,0.912371,True,0.937182,1.375212,0.636672,0.902564,True,4205875,main/smids/mobilenetv3-lp/fold4@6ea6f6e9f867,cafbaff721b5976ce1c4ce114bd1ec619216e7ef
smids,resnet50-lp,resnet50,linear_probe,0,590,471,354,0.919470,0.816949,0.816792,0.816465,0.817675,0.725469,0.725716,0.026363,0.032065,0.261962,0.459512,0.797083,0.016195,0.033221,0.261136,0.457397,0.812621,0.061057,0.043021,0.498305,0.062574,0.044538,0.513559,0.496815,0.472881,0.960573,0.000000,0.000000,,False,1.000000,0.913559,1.276271,0.738983,0.897436,True,0.998305,2.525424,0.066102,0.994845,True,0.893220,1.391525,0.600000,0.890547,True,0.913559,1.305085,0.708475,0.905473,True,0.945763,1.481356,0.572881,0.928205,True,0.998305,2.766102,0.010169,0.994845,True,0.949153,1.744068,0.383051,0.935323,True,0.947458,1.513559,0.550847,0.943590,True,23514179,main/smids/resnet50-lp/fold0@0f2f87178659,cafbaff721b5976ce1c4ce114bd1ec619216e7ef
smids,resnet50-lp,resnet50,linear_probe,1,590,471,354,1.067061,0.820339,0.821960,0.824661,0.820505,0.730460,0.730993,0.028811,0.033748,0.257743,0.458572,0.833239,0.027603,0.032216,0.257715,0.457205,0.821792,0.069923,0.052568,0.498305,0.073041,0.055686,0.494915,0.515924,0.557627,0.936170,0.000000,0.000000,,False,1.000000,0.891525,1.177966,0.823729,0.882051,True,0.998305,2.649153,0.033898,0.994845,True,0.905085,1.423729,0.571186,0.890547,True,0.894915,1.198305,0.803390,0.885572,True,0.955932,1.498305,0.581356,0.948718,True,0.998305,2.825424,0.006780,0.994845,True,0.930508,1.652542,0.435593,0.927835,True,0.957627,1.527119,0.557627,0.950249,True,23514179,main/smids/resnet50-lp/fold1@0f2f87178659,cafbaff721b5976ce1c4ce114bd1ec619216e7ef
smids,resnet50-lp,resnet50,linear_probe,2,589,472,354,0.892822,0.826825,0.827185,0.828234,0.826757,0.740145,0.740443,0.040069,0.048520,0.249563,0.432899,0.792880,0.016264,0.032902,0.247784,0.426232,0.814419,0.058780,0.042689,0.555178,0.059398,0.043307,0.521222,0.523305,0.519525,0.954248,0.000000,0.000000,,False,1.000000,0.904924,1.196944,0.806452,0.876289,True,0.998302,2.616299,0.032258,0.994872,True,0.911715,1.398981,0.567063,0.902062,True,0.908319,1.227504,0.779287,0.881443,True,0.972835,1.533107,0.543294,0.965000,True,1.000000,2.887946,0.001698,1.000000,True,0.959253,1.709677,0.392190,0.950000,True,0.972835,1.582343,0.514431,0.965000,True,23514179,main/smids/resnet50-lp/fold2@0f2f87178659,cafbaff721b5976ce1c4ce114bd1ec619216e7ef
smids,resnet50-lp,resnet50,linear_probe,3,589,472,354,1.031631,0.818336,0.817636,0.817302,0.818149,0.727474,0.727553,0.040780,0.044031,0.270876,0.483160,0.828538,0.035252,0.042090,0.270686,0.481315,0.823525,0.075780,0.058023,0.490662,0.076115,0.058358,0.492360,0.468220,0.482173,0.957746,0.000000,0.000000,,False,1.000000,0.906621,1.258065,0.750424,0.876289,True,0.998302,2.648557,0.022071,0.994845,True,0.894737,1.382003,0.592530,0.875000,True,0.901528,1.281834,0.721562,0.875000,True,0.959253,1.580645,0.514431,0.953608,True,1.000000,2.869270,0.003396,1.000000,True,0.955857,1.755518,0.366723,0.953846,True,0.959253,1.655348,0.475382,0.935000,True,23514179,main/smids/resnet50-lp/fold3@0f2f87178659,cafbaff721b5976ce1c4ce114bd1ec619216e7ef
smids,resnet50-lp,resnet50,linear_probe,4,589,472,354,0.954641,0.820034,0.819769,0.819893,0.820004,0.729982,0.730147,0.039032,0.036758,0.259720,0.465571,0.797999,0.041841,0.033354,0.259008,0.464087,0.807108,0.062699,0.045283,0.475382,0.064344,0.046928,0.492360,0.648305,0.667233,0.923664,0.000000,0.000000,,False,1.000000,0.864177,1.118846,0.881154,0.819588,True,0.996604,2.570458,0.042445,0.989744,True,0.893039,1.353141,0.602716,0.871134,True,0.865874,1.122241,0.853990,0.846154,True,0.903226,1.251273,0.760611,0.876289,True,0.996604,2.767402,0.005093,0.989744,True,0.943973,1.565365,0.468591,0.922680,True,0.933786,1.390492,0.631579,0.902564,True,23514179,main/smids/resnet50-lp/fold4@0f2f87178659,cafbaff721b5976ce1c4ce114bd1ec619216e7ef
smids,dinov2s-lp,dinov2_vits14,linear_probe,0,590,471,354,0.928877,0.869492,0.869186,0.869089,0.869792,0.804256,0.804488,0.046953,0.047735,0.209037,0.373958,0.830439,0.052166,0.040838,0.207160,0.371727,0.842129,0.043567,0.034544,0.620339,0.044156,0.035133,0.613559,0.467091,0.472881,0.960573,0.280255,0.274576,0.981481,True,0.038577,0.915254,1.149153,0.850847,0.882051,True,1.000000,2.605085,0.074576,1.000000,True,0.883051,1.245763,0.684746,0.860697,True,0.918644,1.201695,0.800000,0.900498,True,0.945763,1.340678,0.679661,0.930348,True,1.000000,2.776271,0.028814,1.000000,True,0.938983,1.494915,0.530508,0.923077,True,0.959322,1.425424,0.598305,0.948718,True,21629955,main/smids/dinov2s-lp/fold0@582fa0e13f4e,cafbaff721b5976ce1c4ce114bd1ec619216e7ef
smids,dinov2s-lp,dinov2_vits14,linear_probe,1,590,471,354,1.082495,0.837288,0.839062,0.842311,0.837514,0.755886,0.756620,0.023671,0.026436,0.222427,0.372238,0.854041,0.032368,0.027576,0.221826,0.371832,0.842686,0.044009,0.029851,0.683051,0.043873,0.029715,0.686441,0.596603,0.598305,0.963173,0.000000,0.000000,,False,1.000000,0.916949,1.210169,0.791525,0.902564,True,1.000000,2.720339,0.037288,1.000000,True,0.898305,1.369492,0.596610,0.887179,True,0.910169,1.211864,0.789831,0.880597,True,0.964407,1.418644,0.616949,0.958974,True,1.000000,2.854237,0.010169,1.000000,True,0.967797,1.676271,0.422034,0.963918,True,0.962712,1.430508,0.608475,0.940299,True,21629955,main/smids/dinov2s-lp/fold1@582fa0e13f4e,cafbaff721b5976ce1c4ce114bd1ec619216e7ef
smids,dinov2s-lp,dinov2_vits14,linear_probe,2,589,472,354,1.047296,0.847199,0.847752,0.848538,0.847194,0.770747,0.770850,0.023980,0.024510,0.211599,0.357350,0.835426,0.035894,0.030055,0.212305,0.359687,0.828085,0.041397,0.028949,0.646859,0.043518,0.031070,0.617997,0.724576,0.728353,0.932401,0.000000,0.000000,,False,1.000000,0.903226,1.127334,0.872666,0.865979,True,1.000000,2.643463,0.032258,1.000000,True,0.889643,1.281834,0.636672,0.886598,True,0.911715,1.157895,0.842105,0.895000,True,0.959253,1.339559,0.679117,0.948454,True,1.000000,2.899830,0.003396,1.000000,True,0.943973,1.534805,0.494058,0.933333,True,0.967742,1.382003,0.638370,0.960000,True,21629955,main/smids/dinov2s-lp/fold2@582fa0e13f4e,cafbaff721b5976ce1c4ce114bd1ec619216e7ef
smids,dinov2s-lp,dinov2_vits14,linear_probe,3,589,472,354,0.914945,0.826825,0.827228,0.827765,0.827075,0.740263,0.740445,0.040350,0.036153,0.249815,0.424983,0.847979,0.047022,0.040360,0.251707,0.430557,0.861390,0.057452,0.041361,0.560272,0.058611,0.042520,0.582343,0.722458,0.733447,0.902778,0.000000,0.000000,,False,1.000000,0.862479,1.086587,0.913413,0.824742,True,1.000000,2.611205,0.059423,1.000000,True,0.860781,1.241087,0.682513,0.845000,True,0.874363,1.139219,0.860781,0.830000,True,0.940577,1.348048,0.674024,0.927835,True,1.000000,2.775891,0.022071,1.000000,True,0.933786,1.538200,0.487267,0.922680,True,0.925297,1.337861,0.680815,0.845000,True,21629955,main/smids/dinov2s-lp/fold3@582fa0e13f4e,cafbaff721b5976ce1c4ce114bd1ec619216e7ef
smids,dinov2s-lp,dinov2_vits14,linear_probe,4,589,472,354,1.029325,0.840407,0.840309,0.842498,0.840072,0.760477,0.761437,0.057779,0.057374,0.221363,0.379450,0.834250,0.059105,0.058362,0.221801,0.380441,0.829535,0.048377,0.034769,0.556876,0.052408,0.038800,0.524618,0.639831,0.626486,0.940379,0.453390,0.400679,0.970339,True,0.049723,0.896435,1.093379,0.906621,0.814433,True,1.000000,2.607810,0.064516,1.000000,True,0.884550,1.297114,0.640068,0.860825,True,0.908319,1.161290,0.838710,0.876289,True,0.949066,1.327674,0.685908,0.917526,True,1.000000,2.743633,0.027165,1.000000,True,0.950764,1.509338,0.516129,0.933333,True,0.947368,1.346350,0.658744,0.927835,True,21629955,main/smids/dinov2s-lp/fold4@582fa0e13f4e,cafbaff721b5976ce1c4ce114bd1ec619216e7ef
