image_id,relpath,label,label_idx,file_sha256,pixel_sha256,width,height,dhash,dup_group,status
hushem/01_Normal/image_001.BMP,01_Normal/image_001.BMP,Normal,0,277a30d038425d1e6aa481ca1ed38d1c8a423cea6298cbc123649826792b2bd8,c33f7bc1ccae836c47a371e5c7a9d6d5a8c00d9d1f5ae3470f06e0d1419bc21f,131,131,486a24b2b2120c42,,ok
hushem/01_Normal/image_002.BMP,01_Normal/image_002.BMP,Normal,0,2563d4eb5dbada3f74c3fcfd3d926fc6c0c9c6da789737b958040de6150c25b8,80c326bc7b106d1fd28fc7af57e502d073cad4b1d04166b4cc56abc1540b115e,131,131,242438b132c69723,,ok
hushem/01_Normal/image_003.BMP,01_Normal/image_003.BMP,Normal,0,80080752936ee6a7022bfb8ee45020980bc57a9d7dea516b553ee1575859dc7d,7559179a692bf7a2adf21b70dbdfc85aaf27c9bc86f30f6ca4a1305cf3792f51,131,131,219b6471b29264d0,,ok
hushem/01_Normal/image_004.BMP,01_Normal/image_004.BMP,Normal,0,6a884df02595d0215f49361cd7420185aadeaed2795585d48a94633d26498afc,172c1ab8c0436c04dc923152565fb0fafcba95699bfe8ac27e43d19a9289ba09,131,131,3435b5b2b2324d30,,ok
hushem/01_Normal/image_005.BMP,01_Normal/image_005.BMP,Normal,0,0d640980d922ba5036a2b2d95e1cb06805235dabbc110981932c8b9d24258eaf,ae8e4e3e7183f138126375d4f248e356a7f124e0e02e2a1f6c780bf2714755f5,131,131,346459b232254940,,ok
hushem/01_Normal/image_006.BMP,01_Normal/image_006.BMP,Normal,0,17a4c567a7d19bcd2c21c448ed7c4fcd0c318b86f6478d1d2c8ef56649172c42,f8d437aa7ff3723e0c828de1c502f5dcc585969bcd3e02366adb22142f7e7c4b,131,131,3088257270270b05,,ok
hushem/01_Normal/image_007.BMP,01_Normal/image_007.BMP,Normal,0,3f3398720d85bf30e9644af0e56ca944bbfe8a698b2976ce9a4a217e488df34e,e61641bfa9db6a40f28fdb11b7fef35f74b4e6579a6a4339fa9aaa12cfeb9f03,131,131,4a99867270065001,,ok
hushem/01_Normal/image_008.BMP,01_Normal/image_008.BMP,Normal,0,6ba1293956d93fd98569939720a5ddce50c02ecffbcaedbee8a2e587f414aebd,dc4757565739663de4688b4bc2b9f8309de031bff6ca22ac874374d0730c3f92,131,131,200d12b2b2a42424,,ok
hushem/01_Normal/image_009.BMP,01_Normal/image_009.BMP,Normal,0,e901a03b76c77063e322dc45a6c2901b08fec21781911964d21f5879ce82342d,4e6d8f1d6b936712563d220c2af3bee41454746fc22ab6880869c778ddaa36a6,131,131,16e60c3272e10824,,ok
hushem/01_Normal/image_010.BMP,01_Normal/image_010.BMP,Normal,0,66255b053af7c162f3da78e7a2d7c0a6946a5a56a828ba55e5baa8be5f85bff0,88e5622ac5b8425d2ccdfeeeab03e6de720d6888d8ada80e0be86e30b5fa2132,131,131,28610db131989494,,ok
hushem/01_Normal/image_011.BMP,01_Normal/image_011.BMP,Normal,0,5a680a9926550c087edddffcbd24e09de50f63d6d3f35a75c5e81c066dd18e4a,b99f1b76114d57b725fe7c959f6dd9e0f4a011e43182b0519dcba35aeaa493a2,131,131,b6d667b3b2596c60,,ok
hushem/01_Normal/image_012.BMP,01_Normal/image_012.BMP,Normal,0,2f5b839ffef6e023e88679b3066fa60151dc0dab96282a2d4c8907d2816a1768,14be227b62fd22c14843348b4ffc561f1da24fd743d3ce9fe7cb51f71383079e,131,131,142d1ab232248d36,,ok
hushem/01_Normal/image_013.BMP,01_Normal/image_013.BMP,Normal,0,56831d0d77b13d0dd9e136d6a01833e16ebda9978d080fcbc79f11c9ef4f842c,19ae3233b58f16609de768bae7f6e44e6b291c5bc4621762f4be626de7fa7854,131,131,40201eb0305a2402,,ok
hushem/01_Normal/image_014.BMP,01_Normal/image_014.BMP,Normal,0,15be4504f33950b04df61c2fc90763cc3c7b5253e553d2b443825b87ceba2d4a,a16c1554479b93c573819aed83927ea8a8dd26191b2dd0f34ed19291fe3e5159,131,131,72da6572b3899d94,,ok
hushem/01_Normal/image_015.BMP,01_Normal/image_015.BMP,Normal,0,2f6d86366b7e21ffb535f3a9b8acb3951e58172a253805c1ae0481cd3667b78c,0f0c90e5d499ceff1180cd67477b5647ae7db7e450dd829ad45439828622e289,131,131,522618b0f0142ca9,,ok
hushem/01_Normal/image_016.BMP,01_Normal/image_016.BMP,Normal,0,f57fd07222ebcf8b642ce7aa3cb6e571627d584da4689f1d84199b10389df4bd,7f94b01d56bf2c3344b6b80fbab89949d4161e934447f65008b180493ccb872a,131,131,2918247371461806,,ok
hushem/01_Normal/image_017.BMP,01_Normal/image_017.BMP,Normal,0,9b7dbae386ef67e9a89138dbfab4d0c44e77693b3239abadd150c499f4bd8649,2f340c4d8a3786a238c59f237b56fec760030ca72ba4cddd60006014f1247a41,131,127,6122a6b2b2b34c54,,ok
hushem/01_Normal/image_018.BMP,01_Normal/image_018.BMP,Normal,0,dcb378087b8f223f425f126ca2a133c208640e750ab1cb21c2db43cfb0cdbf83,89789a49a7e3f338bc4801f2865178e14f496556b17b751aff31429f17f09f45,131,131,20182672b29c83d0,,ok
hushem/01_Normal/image_019.BMP,01_Normal/image_019.BMP,Normal,0,d760d5b15524c014dd16df53de3f238e2fb1dca301c259b5683383637c9f4ef4,9b41eb4b38ac53b3117254db585f1e3ee49296144a03f02b359f1f362a94bfe8,131,131,080430323292d809,,ok
hushem/01_Normal/image_020.BMP,01_Normal/image_020.BMP,Normal,0,99a2a064991bac5f7a4e74ee2e46c826a37b55d0239d0637b0a5fec8f87ad356,0ca5e03db21dc0bebeaabdc35f78c8d2a269f891fe3b03de039eb5457a52ed11,131,131,250b2573310e2304,,ok
hushem/01_Normal/image_021.BMP,01_Normal/image_021.BMP,Normal,0,8ddc65fba6c88fa2036e714a63cbd9d0f28297afe0f7aec86206d51aa57e24b7,64181141199492fed4d4f8ad9c3bc3494b312edfec0718537cc054ea5b9c4634,131,131,cc4964b330580430,,ok
hushem/01_Normal/image_022.BMP,01_Normal/image_022.BMP,Normal,0,25bafd726358ff3ba794fa0d5b70cfb45d9c3ae0411286b69dbf28c7cdab06b7,a6e6974267151a7b2e027f18385d3cfbf29981c6b04dd5909717c0fc13970e77,131,131,93075a31b11a0411,,ok
hushem/01_Normal/image_023.BMP,01_Normal/image_023.BMP,Normal,0,8ebb5f158eb1e62961f5857000e3fd30d8fcb4de30cb244514b201f49fac4ed5,4ad3633e8a3e30bd8cb0c010979078438230140d850c7ba6a283e79a5665f89d,131,131,04695831b1166141,,ok
hushem/01_Normal/image_024.BMP,01_Normal/image_024.BMP,Normal,0,b49c1d2880151bf998b1dc66d4f689e1551104229423b422b7675ea56c54c034,f2e965d9dafd1ec700253aa9181904ee888e288549e5948e3fd9ed20d34c3057,131,131,31146773b01c3311,,ok
hushem/01_Normal/image_025.BMP,01_Normal/image_025.BMP,Normal,0,91c8800738091d1a128da7bfeffee2145630a628fd90811532ae03ba68e6a087,0b10bed7e8ac49557ca1e244cae52cb6465ba83d1bb8c3c92a23fbcb097fee91,131,131,082452b1b256c888,,ok
hushem/01_Normal/image_026.BMP,01_Normal/image_026.BMP,Normal,0,f305c2d9f4ec0577f5a090c9de1ac35fa7e52af28db32949e300bed973224079,989126c45ceac6f6429f77e6ad5be31fc791557cd139be40316a0fbdea45991d,131,131,0252653230524dd0,,ok
hushem/01_Normal/image_027.BMP,01_Normal/image_027.BMP,Normal,0,89f99a1ee0145c28dd9b25e95e9e46877bee9acc92c259011da21e3b2df48194,0591b60869d4d20f43a17302ad98cd24f0f97c41db565b773223da097fc6b63a,131,131,2292cc3231190c06,,ok
hushem/01_Normal/image_028.BMP,01_Normal/image_028.BMP,Normal,0,1100d53538edaeef728098f8a8e5e91f6deae828f739c79e1cf23215e62ea0df,bcf31a418f48917480291392007c6e64e9c6de6347a5a494b0e80bbe9e57c63f,131,131,10041ab2b2644a40,,ok
hushem/01_Normal/image_029.BMP,01_Normal/image_029.BMP,Normal,0,bf27c94ee161855b2ea49e2089a54901ec013cba413713e5f3a2bbd8ae9a193b,f725bb2e6f14b9474e215b2372fe9b305e65c7ec4fe59d13869cd681ab080d6a,131,131,36305532b2b24880,,ok
hushem/01_Normal/image_030.BMP,01_Normal/image_030.BMP,Normal,0,223843280d447978a6481d8e211b0c179a53f4984f6c1a3f4b236bbf545277ea,0d2bc784731c5e249a9961cc48ef5a08c5b226464aed1101ea4a52145e68acf6,131,131,08085232b2b44860,,ok
hushem/01_Normal/image_031.BMP,01_Normal/image_031.BMP,Normal,0,20a4738aa12369632cbbab3d3e0f1b93296da0c8c70e8f7f6dfaf0f7d0d450cb,dd28b2a1110392a76db59895e25d6f3d38a18fc53644e1457c150fb603f51ac8,131,131,585912b2b2a46840,,ok
hushem/01_Normal/image_032.BMP,01_Normal/image_032.BMP,Normal,0,b626927b72494b9a355f730fc483f3804035177da2c68eeacc7daa2d0428b2dd,fba00a635f2a6cfb389cde3e36cf16b9479aafe0c4012f1f0069c15ab70d390c,131,131,220a2573b28f6845,,ok
hushem/01_Normal/image_033.BMP,01_Normal/image_033.BMP,Normal,0,6ba78b42439a5169598cf5665d651f3cabfd94151f710aa52d8c1c3191ceef50,ef74bf793978c1ad3d1c2830093f0896a0832f192e49070b177a4e713534650a,131,131,91c04db2325a2411,,ok
hushem/01_Normal/image_034.BMP,01_Normal/image_034.BMP,Normal,0,2aea8ffb15dbaa2dad9f8eaa6c633a01aa92969029cdf48e6651220d5ea5da1c,e1069c83d9f6242decfe8f06334d66e0346f4fc73499dc80a1863e2a0aa9a7f5,131,131,05320cb372b4c8c4,,ok
hushem/01_Normal/image_035.BMP,01_Normal/image_035.BMP,Normal,0,7372e14fdd1ec3a5bbe2c3fe6550bdbdf1aef6b76de177cad30321c93e754687,28f44c2849c1f0c612fba84dbca773a7b4cc263424064ea58ba2c4e1539f9fde,131,131,633234b2b2b20d24,,ok
hushem/01_Normal/image_036.BMP,01_Normal/image_036.BMP,Normal,0,349f1ddf7f6477d567f4d4059040324f27e97a6a5bc7e7979b7deba4167d8cc7,abdb8c975f275dbfc32a2265bef722a0be9caaba65c5c775317ccccf4c114fe0,131,131,c7da0c32b1582482,,ok
hushem/01_Normal/image_037.BMP,01_Normal/image_037.BMP,Normal,0,6a0f67553b46a5820fe02c0ef3d6c9f2a6915ea27b94e6675215a5949e896e7b,6cabfa78a922d6ed41a3a724159a62532519929408cdf6785aadd284be9b9718,131,131,2528a4b2b2920c90,,ok
hushem/01_Normal/image_038.BMP,01_Normal/image_038.BMP,Normal,0,d3cdac3eeab2a8afaa259c65b77a06f58497fe5518db514cc9a8b3dbc9e16797,f0981e779f2c4ecae0fe64ce1c31ecad46d6ace6b96552d82b57742b667f2177,131,131,5c32c432b058c490,,ok
hushem/01_Normal/image_039.BMP,01_Normal/image_039.BMP,Normal,0,5248eef9797bbed4ee10c6618332895ff69c5a96e2e78f6bb77ea5f54a317199,14521d90f77b2002ac463e00f98c5bc23cec115754ab782333f8b19e05e42c30,131,131,50182472b21c2681,,ok
hushem/01_Normal/image_040.BMP,01_Normal/image_040.BMP,Normal,0,63c3beec50bc1fb0df0e7735e8a5a212106da864f56a2540165d6593a26cd317,08344bf6091e9195d8db24f60edfa680a2f5b7c03dd1af77deb8dc9a398ca4d8,131,131,c2c26db2b1188c90,,ok
hushem/01_Normal/image_041.BMP,01_Normal/image_041.BMP,Normal,0,1210b9132b423475f4a9ed395e328f9902b4f56a6cb25621bd8fbfe1ef5256dc,eedbdd94f9181ac97e46b01d384ad70129e52b23c3b77ed2e6dd2d8952de4356,131,120,242d0832b2b13448,,ok
hushem/01_Normal/image_042.BMP,01_Normal/image_042.BMP,Normal,0,239e26ab7bb0c983f9c4f99b42ec0336cab82c8e14c9b50077a7ec920f785537,3f574f36062dc933c542f6106cce89b110b883d88859b722ba40b777d4a6250a,131,131,d094a532728ca603,,ok
hushem/01_Normal/image_043.BMP,01_Normal/image_043.BMP,Normal,0,5f77d2c216e20b52c1ff3b72ba6e41ca07bf3ac23cf830131b807590de2faa6e,bd8575ec06d5eb02d3412faa44fb0b3cf3d9dcdf9987cf910f629fdc8214c8eb,131,131,19904bb1b10ad1c0,,ok
hushem/01_Normal/image_044.BMP,01_Normal/image_044.BMP,Normal,0,0e385a9663dcbcf15a2b57178388534e408329be8f6a08784f9547398aecd00b,83e344770a7f7fc42f40e94f63d3da49bd1546afc475e5609fcc808ce63dc597,131,131,109050b2b2b00990,,ok
hushem/01_Normal/image_045.BMP,01_Normal/image_045.BMP,Normal,0,9a0306a46c105f494d3e0070660a268b017614b727b6c1c4e64a45f38087f147,97c632ba5958e00d1c3479d213ea3f7073156a76361e0903eeb2f982d0a16ddd,131,131,907055b2b2b34d11,,ok
hushem/01_Normal/image_046.BMP,01_Normal/image_046.BMP,Normal,0,385550d8159f4b73dbd55fc7fe6ad400680e5fe5ec9ca4f8ea68a898d0b76309,139692c98028fd0a7ea770549770f86d85aa7e9dfe14ef0b1d6c924cd1dd96c9,131,131,1008343232191032,,ok
hushem/01_Normal/image_047.BMP,01_Normal/image_047.BMP,Normal,0,e4539ed1262ff0300531de6cd9d35787d9cb5b300ac4e72a995ecb13bb80442e,62fe43383c0711aa8295ebf509d2804a203b7f685fb13e3e74765ae6f11fd876,131,131,2090cc323118a491,,ok
hushem/01_Normal/image_048.BMP,01_Normal/image_048.BMP,Normal,0,1aa576f03f762a22e22bf53cfa2573007e62eba97c7d93f6d8158fcee98ffa2b,c71e7d37ae1c73b9346ab991511974231d5799f9644e94d10ac2548c2f173c43,131,131,c66a64b2b270cc10,,ok
hushem/01_Normal/image_049.BMP,01_Normal/image_049.BMP,Normal,0,dc50271117a35727b7abb46738a5f652e991395d7a88036547556233e017f2b5,3bf505a9c78be6ff07ead59a814c4db432bcd47533e14d17baae4ce140ac59ae,131,131,a1c864b2b252ad10,,ok
hushem/01_Normal/image_050.BMP,01_Normal/image_050.BMP,Normal,0,eecf6ba7e3e186243bd7ecccfbf7254522e4c1d81a936efc0f1439285d25b8a0,2e3e75e6b786404039666b0484aba16aacea282ac61abb21af9cac2c329f0d2c,131,131,a2245870b24c91a0,,ok
hushem/01_Normal/image_051.BMP,01_Normal/image_051.BMP,Normal,0,ef97fc4757d9cbff65a3e474a49b147360fcbda2c1048c63d3750be461938446,3cbb17a88214472cb6e51c097387467452b45d5d270b7ab93aa9eead1ceb3377,131,131,4c6d58b2b3b74a14,,ok
hushem/01_Normal/image_052.BMP,01_Normal/image_052.BMP,Normal,0,33761fe766c1f29415b61273ab9662cf86f67c0dfc8e8c0cd7d9a789acc707e4,20f2d4694c39bb252c91b6d6e05382a203148e823368f05b399a91821d2583b9,131,131,304432b2321db450,,ok
hushem/01_Normal/image_053.BMP,01_Normal/image_053.BMP,Normal,0,93daa76cb66a0f70825ec24f96a7ec2eb107e905d8c48e09093f1ea165ce7e8a,20f87ad5ed6dc5bb69765a411a3644f67c18b30c3a34fdc86440ea5662e42677,131,131,4a5a047272654904,,ok
hushem/01_Normal/image_054.BMP,01_Normal/image_054.BMP,Normal,0,f453ba38af0184510949ba84299941f042a5f3c62fddde7cadd4ca9f3ec655e4,d81e2c5a780dcf59d923eb9feab96a8b1e24d0bce785cdbc40171c805539b94d,131,131,44445ab1315a8482,,ok
hushem/02_Tapered/image_001.BMP,02_Tapered/image_001.BMP,Tapered,1,0e0600fffc45e7bbff5e95209d5b4c79f03d36f642cf85398f30a7f9e2e8ff44,585f3c5bf5f7aafaeebd848ab558ce2b8bd37717479c36d58004a16ff694d342,131,131,00596572310c3283,,ok
hushem/02_Tapered/image_002.BMP,02_Tapered/image_002.BMP,Tapered,1,134762fc6426c3f6e3930f46583e95eb38f00ebf1134349d7f3a76c631888032,fff569e7b5b0fc44c38fd73950c0017a1c2d90dff90268b570aad9683d7b54b4,118,131,15151151b1190515,,ok
hushem/02_Tapered/image_003.BMP,02_Tapered/image_003.BMP,Tapered,1,e1595724558259a91cb60869a10cfe536acd99e8d006841ce189fad87878407c,f98a25e180f6bc115247bb5247df60789bd104b354f81135b46ae29d1be713c0,131,131,640c34b2b2121430,,ok
hushem/02_Tapered/image_004.BMP,02_Tapered/image_004.BMP,Tapered,1,fadb4becae4635be9aad3da7aef16e5c6c5b3c433121c09432ea6ee5e2af13a0,396d65567dc11d9b52031e246472b5b891b4bfca5df3f9a04750b75d52288243,131,131,450ba7b3b35b0d4d,,ok
hushem/02_Tapered/image_005.BMP,02_Tapered/image_005.BMP,Tapered,1,1f109f0cd9e619620afa695e947ed5cc343ba05e75d4a0817e14f086ce307df9,445eabcfb89e090d3030508814de88f5764c04fdb2d0c5bb72e51d889369512c,131,131,800012b2b234a0a0,,ok
hushem/02_Tapered/image_006.BMP,02_Tapered/image_006.BMP,Tapered,1,83a642df8aa6b25fb972f243717b3b4e0f74e4698e6f14f998490ec5b4319621,a996a313cfb22c8d466b956913e3b2c3417f90798b40982687ef88767139ddac,131,131,c818a4b2b21a0490,,ok
hushem/02_Tapered/image_007.BMP,02_Tapered/image_007.BMP,Tapered,1,0f867557eb2797f2a430d17b0964eaa2aa0022c12070e61ab0eeef517593eee6,54df69e76ae242cb98f006b4105b70b40dbe5fd9f666b69050b36605dc995225,131,131,2588a533b25ab59d,,ok
hushem/02_Tapered/image_008.BMP,02_Tapered/image_008.BMP,Tapered,1,615e8f9d5909b5c9b433ed4b09676a0231ff609202628dd15190c5ca43250e3d,0134d97820732961fb98b33cefd9f76fb6c83cce72f4a0358d6cb9fa125bb537,131,131,90809cf1f11ea020,,ok
hushem/02_Tapered/image_009.BMP,02_Tapered/image_009.BMP,Tapered,1,bd85fe8007ae1fbcc24d53794d7f518f55fe3e740c2fbe03015ce9c1fd3b491a,746850fba4acbf646fe6dc875f3f3d0c0931311015bb9c3055b618e49afea6b9,131,131,00108c72700e2301,,ok
hushem/02_Tapered/image_010.BMP,02_Tapered/image_010.BMP,Tapered,1,af0a2f0f0b4b495836bc6be4e33bcbd07e6dc6e876a015828edc5b04646043be,b443cd5ed6f68547d10d15bf83748ff0fd2b72fad1080359361de2eff4bdd0ab,131,131,000824b2b25212b0,,ok
hushem/02_Tapered/image_011.BMP,02_Tapered/image_011.BMP,Tapered,1,057f81145eab1249a5a2509d9cc2c5d72db6f022396dfdb617ee8fe984357a96,35e139bfb123cd424fa73eb73f130020ecff189c2ca9c0790cea72da7a87a2b5,131,131,209012b2b2342424,,ok
hushem/02_Tapered/image_012.BMP,02_Tapered/image_012.BMP,Tapered,1,5d2e691f5e2ee7db7c977058e1c9b5151955f4ee0196951cfcfd28a96ec4cd24,058d91c1bd56841f706cff740a656e36128cc9bbae7016ed2dd3174ca93e9397,131,131,d14824b2b2596420,,ok
hushem/02_Tapered/image_013.BMP,02_Tapered/image_013.BMP,Tapered,1,aea98d6c08e6818cce16728cccb717661a1ad21b505b17e94f1daee2ec7895e1,c14ff5a19be9f84e61c0717a1ad9e7764b453a7d5264f38627586a406e61cbd3,131,131,4618677370966162,,ok
hushem/02_Tapered/image_014.BMP,02_Tapered/image_014.BMP,Tapered,1,c9fecc5c5041e6123fec8482718b140fcd67bde90bf0700c3a4fb4a0abc45b6a,e72a52b2e0d1565b61fbdd004f1408ae2280bd8beaa19e482676e1b96b1acde1,131,131,238b24b232592492,,ok
hushem/02_Tapered/image_015.BMP,02_Tapered/image_015.BMP,Tapered,1,eea2e5f8cc7520de7b6051675d5d5033402076c7a0d00dd148c3960fccd25e5c,a97b2178e4373c28e47abfdac16936d4461b77808ec1dc01af39a5d3ad2cceec,131,131,85a88e7131184248,,ok
hushem/02_Tapered/image_016.BMP,02_Tapered/image_016.BMP,Tapered,1,1f6bd5ec43d864eb4406d632f3ed19b7f0b1c650d512f3f50fdd62a99f64fcae,f8b81e0b97d2eff7cb346af2064badbfb15dc99e85999168ae3960e85c74f32e,131,131,244a34b2b292092d,,ok
hushem/02_Tapered/image_017.BMP,02_Tapered/image_017.BMP,Tapered,1,879fd321c7fc3916493856161eb6808d86528c337ce5c9ffb1bf021b22e43e80,2b80d7336bc5f895dbc953865eb4d951d46e54321b8f27b90f947f8631b7d3ec,131,131,012c70b3b3d26515,,ok
hushem/02_Tapered/image_018.BMP,02_Tapered/image_018.BMP,Tapered,1,7b6c7a13a525976318c607f5259f7f78f51f15f4a905d74d53d4bb6e75cbc1b0,dce7b85a451fcdca6cd365280972c97ce47f6aee484f5b39dbeb9e6b8fffcad7,131,131,6828a5b23252241d,,ok
hushem/02_Tapered/image_019.BMP,02_Tapered/image_019.BMP,Tapered,1,7d179bea20e6cbae1f115216ca224a749705aed9d4606f5104123ae6fbabe410,43c5f1e37ba3905f3362b6cebfcc0497988d9daa422f2c0d5e86fbeee5e281b4,131,131,948eb2b232109a98,,ok
hushem/02_Tapered/image_020.BMP,02_Tapered/image_020.BMP,Tapered,1,eb79ff36059f7d7cbe828ef4e91c964666c4fe572bb83918437d8dbe61db54a2,ee52e97c7e688c7c4e1b3d62f69ea8842169297be4332ed1f07a8bc6bbc56e25,131,131,09308cf03108268a,,ok
hushem/02_Tapered/image_021.BMP,02_Tapered/image_021.BMP,Tapered,1,dfb12a51d8504aa152cc57364a1324be5d951958d7684420eacf4e02c14bc65a,00e3143bf689d021f718eb1d8c676e51aa7eb796a7949620a30ac43036664ba9,131,131,12510fb1b15d2145,,ok
hushem/02_Tapered/image_022.BMP,02_Tapered/image_022.BMP,Tapered,1,83902595c1cb15381f1088d1c679f3a5bc951561da0c50d4d21cbc9c5523a36f,8ec4a9768f4b5836d06e9e8a3063bbb98d84c1bed4a75ef5a605042728803a45,131,131,204aa4b232592d14,,ok
hushem/02_Tapered/image_023.BMP,02_Tapered/image_023.BMP,Tapered,1,b3b66e61331a1f16df3d3642dfd91333e423ba9517d741792951a6105e206ab5,01b7c6f7d2dd73400854066b8b0eb408351c319111f130df2abec31c2502566d,131,131,c3834a33323468a4,,ok
hushem/02_Tapered/image_024.BMP,02_Tapered/image_024.BMP,Tapered,1,f2d8b29679ee55c761197d8b22143876c6f45bc1e37d45186c44925519c93323,73ababded0d172c7f5350c799c3cc66493384014355bdb28217c3323f01f7765,131,131,86368ff331100411,,ok
hushem/02_Tapered/image_025.BMP,02_Tapered/image_025.BMP,Tapered,1,c857cc90b8422b7833d5d0c79222ea51c94df0928a7cc2afbf09782c7d171760,ae4eca8826ca0ddb10fb9240778da650d313ce0ddbf6c7419f2e8f8e532e2c19,131,131,9c8cb3b3b35b2904,,ok
hushem/02_Tapered/image_026.BMP,02_Tapered/image_026.BMP,Tapered,1,eaed1f2205f1fa8b8ccf4301beff037930604b0bf5fbd7d5541d47fe2cd33d09,3b67712a38109dab57c2ef53d3a392b39cf6817704c5ae35748389b479bc3902,131,131,d24da5b2325a2420,,ok
hushem/02_Tapered/image_027.BMP,02_Tapered/image_027.BMP,Tapered,1,a50fc267727741b0f7e2cf9d93f095d7141adc85b18aac86a3e6f1e5de77ea2f,3ecefe8f48629c2acbe2fb959b2cd3d09ac4b02f94921ece31b6c7caaec62060,131,131,92a6dbb2b4295bd3,,ok
hushem/02_Tapered/image_028.BMP,02_Tapered/image_028.BMP,Tapered,1,793a174b2e7a0afb0cab01543eeb2e4f19a567a65248dd01277e80ec6bc845fb,981f88cf4688aae7a458de7b6b0d32b69f419399e4961fad0fc17eebaa3de483,131,131,04b2f0b2b2b3134c,,ok
hushem/02_Tapered/image_029.BMP,02_Tapered/image_029.BMP,Tapered,1,a1d19ce66bd638f055d9592d514d762ab37d5e19feb6f93608eae99e79e5488b,99e329e05fb685c3a0084e01feb58b4a0704a0315791a2fca08bd9ec1d2868d2,131,131,166519b2b2e44c48,,ok
hushem/02_Tapered/image_030.BMP,02_Tapered/image_030.BMP,Tapered,1,130d7c38c558dd7bb90d647f3ef1d04e61b20668c7d3e02bc5112cefb69595cb,631f9699961bdc8c879932b89abab4ec2db3d1bd2451caf0fad553bb8903c01d,131,131,905a8d30f0dbb050,,ok
hushem/02_Tapered/image_031.BMP,02_Tapered/image_031.BMP,Tapered,1,a3ecce428a030c3a3ddd518819469df9cdd92ce672bc2f66d9786bad6e42ec1e,59bbf59d1df5a1d258189341eb5889e6354ecda428eebedc310778cde457dbcb,131,131,80106472320f5142,,ok
hushem/02_Tapered/image_032.BMP,02_Tapered/image_032.BMP,Tapered,1,4218246e719f7b231aa400b662e64297badeec884f8705a289bb49bd97d007cf,f8eb8dc99aa69e4fea2d506b90c5e0383a3b36dabde1b84498b7e3e21e153034,131,131,6a08b0b2b35948bd,,ok
hushem/02_Tapered/image_033.BMP,02_Tapered/image_033.BMP,Tapered,1,b19fe50d9fea8b90411b2e0596b2cc02cc1ab936bae2eadcbf0cec64795f1a1f,97d7fef2584431419846add898b392bb51dbb4e12f033f6e00b703682a484fdc,131,131,5a88b1b2b359493d,,ok
hushem/02_Tapered/image_034.BMP,02_Tapered/image_034.BMP,Tapered,1,925216cf489a7379f01a30fae3627189661e3c01ed772a6700373efeeeed933f,dff429b51533ce44144db601363cbff1900e24ee2ba0cbe6257c5700feee968b,131,131,504ca4b3b3520932,,ok
hushem/02_Tapered/image_035.BMP,02_Tapered/image_035.BMP,Tapered,1,422bee91650752d1babd0db6fdd10273a449cb9734fcfdcc4d2e87fb0ca12872,daa031f8b86134b01011c46af1bf4317c50f92825e0cc47cdf8746ae105e2991,131,131,9639527332364b39,,ok
hushem/02_Tapered/image_036.BMP,02_Tapered/image_036.BMP,Tapered,1,d401c5fa96bd8929ffe097242681f33d9937778e2981277c9ad79ccab8929c4c,93cca085d6d7e7512fcece8017187e02b80572e7751da53f0ad845d9ac124ba1,131,131,2090e4b2b1592510,,ok
hushem/02_Tapered/image_037.BMP,02_Tapered/image_037.BMP,Tapered,1,42d30360b87ff1ded93768822ce0cf0b3b1a346cecd920722bd53b784f2d2166,09397c2cf03088a531a877dba2756d4dc62bcffcb3e4052a90dbab060220e25f,131,131,404ba5b2b2528411,,ok
hushem/02_Tapered/image_038.BMP,02_Tapered/image_038.BMP,Tapered,1,59a99e619f85d2d247e51ccc36c71c9c956e9bfae92be6ffab55cc96e46c1adf,81f6fa410732f0996c30c0c5b6bfd0470dad52e737945e647a041ecbf4d7c3cd,131,131,84482572b25d261b,,ok
hushem/02_Tapered/image_039.BMP,02_Tapered/image_039.BMP,Tapered,1,4783cd630ddb7763207f557ba4824c1e6577cf6479740c31aca0433ca5ae612c,ab32ec98cb85b0c349e2135823d22bde2537a5a6cb68eac2d779dd9d1b2a2dd8,131,131,48255ab232261e66,,ok
hushem/02_Tapered/image_040.BMP,02_Tapered/image_040.BMP,Tapered,1,8713ba69de6d994139ee0b20f45030e820231e8ac6d3f8f44f165799e96d9000,a6538a5931959883de148a6eb07add2c546ecd4eef64de7c5bf9457b9276f4db,131,131,661b64b2b2592416,,ok
hushem/02_Tapered/image_041.BMP,02_Tapered/image_041.BMP,Tapered,1,b9a617cc2cf6725d32a9069fe12aa7114443c11efd3b6b677c8da3e394a508b7,3571b002299a2c5c3866fb40d26444970ae57f66f2ba1c1898b2b0e7405d436c,131,131,21a11e71b11f2224,,ok
hushem/02_Tapered/image_042.BMP,02_Tapered/image_042.BMP,Tapered,1,f3396afe60637112c4491d88c9e072e572de8198c312cdcc15fdf7befade37aa,c08b0aae99a35783a519d72bcfd26b6118068604913fbca6bd251ed74278187b,131,131,98345932b26cd021,,ok
hushem/02_Tapered/image_043.BMP,02_Tapered/image_043.BMP,Tapered,1,a46d9770cbc4b0d7f7ad4079119d5d8e94f67cb4a7bb11860131ef07dcce49bd,eede7a02b92f434ece37892fddc1b2a2f87c6e79d0addfdb5d390e39f51eb1f7,131,131,3049b4b3b2122945,,ok
hushem/02_Tapered/image_044.BMP,02_Tapered/image_044.BMP,Tapered,1,82a1817265d0fb694b22044c18ca20b335057eb64445856a9e6a0e560b09ce22,08e714ee810942a5a249c19291c469b5b8ef46e44229100122e742045f7073f2,131,131,100d32b2b2513552,,ok
hushem/02_Tapered/image_045.BMP,02_Tapered/image_045.BMP,Tapered,1,6cd979a958e34bccaeeb6f4caeacff98f37590e92febc7e25b7cb228d3f2e635,2876ec2d83075ad652f0bb1004dc1ef2cd6c08aa7d1de9f95d04a13b59c4dd24,131,131,512458b1b2649840,,ok
hushem/02_Tapered/image_046.BMP,02_Tapered/image_046.BMP,Tapered,1,9407c10ce3697ffb5cbb862a26ee1fb2852594d82b52f9542408c3962ab2481b,18091ed5fd35b538b67440400f7eb4a14eb3e51cabbfa16f4ddca863a28a0e85,131,131,203884b2b148a408,,ok
hushem/02_Tapered/image_047.BMP,02_Tapered/image_047.BMP,Tapered,1,03cf1e9ca67134b49335a265e8d968a9c4612a543324fbfd2131abcb636ff3c4,68e4c6720a63b069228e190fda6a8103a3096c882317c73ce73b3c33ee9edebf,131,131,20986432b249244a,,ok
hushem/02_Tapered/image_048.BMP,02_Tapered/image_048.BMP,Tapered,1,1ee9f8ebdb82f67b992d0810a4765c2dc37b633debd7cb331f3971f15e3fa55a,42d5c421074a740dec81a28f5bb0bd93dbfdaeb3fa12a065c2943e1315ceb484,131,131,b40a52b2b2256960,,ok
hushem/02_Tapered/image_049.BMP,02_Tapered/image_049.BMP,Tapered,1,d02008cf72870e27413cee77f209fe1eceb57f8f809a7b2baa9491930baf1b80,da2f05f569784de31ee3555e9e89284954616a27a5ae4324e64d341eea3f6671,131,131,01265a51b2646112,,ok
hushem/02_Tapered/image_050.BMP,02_Tapered/image_050.BMP,Tapered,1,315d5ed191a2e80220893309d22a1330e8407f1c9425a194f1441efd0efc0451,ed70a2e2161b74d9836d9081699331a26901b21a182ad26592c5f6053bed5fcf,131,131,6966c8b962ccb040,,ok
hushem/02_Tapered/image_051.BMP,02_Tapered/image_051.BMP,Tapered,1,3988be34e0ab42c43a7bfe4e07ce5f4169e0914f2bdc633cb6f24744795bc22b,ccaddc18efaa1b7f536968402be836ac49625b6ac25e70413f52d5c85eda7c18,131,131,0a24b2b2b292180d,,ok
hushem/02_Tapered/image_052.BMP,02_Tapered/image_052.BMP,Tapered,1,2d697765974cbf37590ade7d4c42c510319ad0dacb44c51bb7c26309f4eb9c1a,dd89d041cd535d1afa5b5b06a1ffbaaedf897d35c2e034322022325e10a7b892,131,131,90200eb1b10e2080,,ok
hushem/02_Tapered/image_053.BMP,02_Tapered/image_053.BMP,Tapered,1,b6225adfcc33a58a061299f8339a92fbc2375ec40052468661c7004869ffca4e,450b2993337242252ec89116a4850d82b29fed40ec8f85825a9942a575696eaa,131,131,2a344831f00c7306,,ok
hushem/03_Pyriform/image_001.BMP,03_Pyriform/image_001.BMP,Pyriform,2,2c42be050d8f4f90b8a0b9be2436b4d7da0b7a937b229070f382051a2cf04b7d,786d67f7fa3b3ee190cafb0a2fc14f2bda0b396d7e3ebc27113b7afec3cff3c0,131,131,904619b172e410a0,,ok
hushem/03_Pyriform/image_002.BMP,03_Pyriform/image_002.BMP,Pyriform,2,c81d199beca4f3fdb9869d5dd19f606fd5f078d1eb8f8f3aa1320b0743fdb70c,4433e1c47344fe4186562bebcbca2bd3949eca77697351d17d9cc52bc71c7db2,131,131,314834b2b259242c,,ok
hushem/03_Pyriform/image_003.BMP,03_Pyriform/image_003.BMP,Pyriform,2,35a1abf9bdbf051e2af4d55bf09d554e1417edeed8914c95a0143e388372bac8,2f16be5eeffb810c2f2da01a40de6e3944d957ad3ac3ad94ed85809cd51aca00,131,131,1a264cb17264d8d0,,ok
hushem/03_Pyriform/image_004.BMP,03_Pyriform/image_004.BMP,Pyriform,2,7a4151bdebd620343e1c17483aa7e87c7506d97ed2245b5418900b5af383be99,2309a05144db1966cf8e61a729969523078a71e90834b2780fda3c685a481207,131,131,329164b2f1d98630,,ok
hushem/03_Pyriform/image_005.BMP,03_Pyriform/image_005.BMP,Pyriform,2,3057d06adcee74cf1a60ba72bea7d0f3af8b1e3b086337a58d5eb6e79937297f,31685fd4ef7b47e136f61ee3ad48617659552b99741c39df12351e9e89961362,131,131,18185232b232a405,,ok
hushem/03_Pyriform/image_006.BMP,03_Pyriform/image_006.BMP,Pyriform,2,4123bbbda76c88e218f58174dede9b88c747dfd428093942b6053b6f7871ff85,cfce89fcefa60a1a1c4558ca98fec2987d25c7550baeb76fb4b841a044d08c23,131,131,1124d93161ce91a0,,ok
hushem/03_Pyriform/image_007.BMP,03_Pyriform/image_007.BMP,Pyriform,2,84c3007352bf51beab7e36919f195ec28022e304aa283725d20eac03d2af0f7b,55f8d7e3da8a86ca67ca877d0fae9adc07fe5df14d233958899bfc2f9a86aeb8,131,131,4248a671718c4000,,ok
hushem/03_Pyriform/image_008.BMP,03_Pyriform/image_008.BMP,Pyriform,2,0727a3332f51e6011779ea02b173b99c59829bf3c7ca270c4d8c1f35b6ae7fc6,24e17e40d648da7b40ffac70e288db11bd768f63f03a0247391766394b55ac66,131,131,8210cd72b079e51b,,ok
hushem/03_Pyriform/image_009.BMP,03_Pyriform/image_009.BMP,Pyriform,2,3d94360f13dcc1ee194eb9dd27105c8724be68d6c6fd7525e0d91724a150c47f,a41677a13032b3c2d624983755eecb547a128596b7619ba87a1c9ece873232d7,131,131,51b71c31f2a41a90,,ok
hushem/03_Pyriform/image_010.BMP,03_Pyriform/image_010.BMP,Pyriform,2,60f9cec7728d5c44125142fc8eff5fd3aa68fba129b3603bae96b4ff1d119139,4d6fbf7edf21ce2a6c4891a8753818f4f1d4165e1cc408abe5bce1dab6e0d04c,131,131,142c9bb2b2368d40,,ok
hushem/03_Pyriform/image_011.BMP,03_Pyriform/image_011.BMP,Pyriform,2,c307dcf030e12aa48040bdf253e0730c7e0486c111eeaa6a206b8f228cfd30c4,d0985507977240cec6fd819527a0b8bbf217b2f24f683858200fd9dd912f6acd,131,131,7431ce71319ac1a9,,ok
hushem/03_Pyriform/image_012.BMP,03_Pyriform/image_012.BMP,Pyriform,2,9b40f12af59e019011c1f1544e41b6fe3547d17a2a284c46faacfa6d71535ed2,043b1083963ae357b8df85f02c56387f5073640e71231c973b26b2108f6e7311,131,131,88530e7072251921,,ok
hushem/03_Pyriform/image_013.BMP,03_Pyriform/image_013.BMP,Pyriform,2,193df8d87b5b59e6f5d2b30f8c39545ea8a23b4e4d9781cd6212ad8cf60323bd,ef292bdd64269e127690b1a38fd537f72e9f959122f5e03f5d0f492675e26bff,131,131,09e55ab0b10a1048,,ok
hushem/03_Pyriform/image_014.BMP,03_Pyriform/image_014.BMP,Pyriform,2,0b2ca1a31cbc86f75c76c7ce4843aa195a002f5ed705570957c2505708db4d80,2982cf0b232cc4325b761e55c61e9ac39afadec6e0d54d5b06cee86a32cdc8ef,131,131,10a6da33b0360b13,,ok
hushem/03_Pyriform/image_015.BMP,03_Pyriform/image_015.BMP,Pyriform,2,35cb3cd0554324e1df39eb6bff964ab71bea74d0b117b99ed990df463bc5c09f,6f38149ef590e1d118770949d9220ab1621cb042c34b25c4be1af751467ceeee,131,131,a09c2572b08ce331,,ok
hushem/03_Pyriform/image_016.BMP,03_Pyriform/image_016.BMP,Pyriform,2,741ca01dae681ded0ef16135a454a1a1d33ac1601d76035223d9314516394bc4,956d394d5c3ef92a56f99e4c421bea3e8e8970e518aac3aefdd5ba6b617b7b58,131,118,34b474b4b2b3320c,,ok
hushem/03_Pyriform/image_017.BMP,03_Pyriform/image_017.BMP,Pyriform,2,6d2f2ddcb1a116cfdfb31c38a4ee68a2e9d7674743f7d793145aaae9ca8ad36c,d474ff868f85178e77a1e3e1200e128354bffa491d6aaedb1953d75f41d9adc5,131,131,c0b30c3372a41865,,ok
hushem/03_Pyriform/image_018.BMP,03_Pyriform/image_018.BMP,Pyriform,2,37528cf20de1ce49f900a7fd6fda281e033a0ca74a90556708816b50375a74fe,05c257a5f444b2418decf1afc357dc54e58d7e7b524323030f25286753d80d16,131,131,221a657278093600,,ok
hushem/03_Pyriform/image_019.BMP,03_Pyriform/image_019.BMP,Pyriform,2,1c7b12ab5a554ce4a3f28c799eacbecc9f6d0d7bf6e037a445ec6e5b83393be5,30733009236c52eab7b9457d9feb15680d4321a6c71c618baa18fea4a8d4e011,131,131,100c30b2b2352424,,ok
hushem/03_Pyriform/image_020.BMP,03_Pyriform/image_020.BMP,Pyriform,2,abf4d010e109c17f93acf2dbe5ad554feca490bacb3a0e3515af550373ee5fdc,559bb8a644e000938031c7b1159c70f28bf6dd6ff156660c6881ad3aef8a0448,131,131,20182472b289663a,,ok
hushem/03_Pyriform/image_021.BMP,03_Pyriform/image_021.BMP,Pyriform,2,78ef1ebe7b048569c1e168d9d619ca402e41e6a56549eae2af74fe4bf9d0855b,0912fc59a4fb33a73951c4ecab4b118c6f7226515f1f03b331f164b714336ac9,131,131,54d0d0b2b2b26464,,ok
hushem/03_Pyriform/image_022.BMP,03_Pyriform/image_022.BMP,Pyriform,2,ef651c3ba37e3faa5ef975a7937b5cdeeda9f438a7f9f77ec8e6701b53149c8c,f13cf80e447a87145aae1f020e04d6bde54f931899c5682433fc6239e9fbf983,131,131,126248b1308e3044,,ok
hushem/03_Pyriform/image_023.BMP,03_Pyriform/image_023.BMP,Pyriform,2,d482fbc39ed5436b289a8c091e22db357be1f4473fcebfd240bf78f2a88c7ec5,0feeed187f23c28c5b50f575144b3c64ef920d9dbc08d2f71bf4345a1fc94d3b,131,131,b02679b1f0ce31c1,,ok
hushem/03_Pyriform/image_024.BMP,03_Pyriform/image_024.BMP,Pyriform,2,4663744d3c0a86dfd9d3f01fef7182284e2afda9654e9d6461b2bcf226d0cf3e,c10ccd32ab4d93f390ed03c3e143fb66d4f19d202e304578e9a085ccb3e53110,131,131,0d0c58b162c49a60,,ok
hushem/03_Pyriform/image_025.BMP,03_Pyriform/image_025.BMP,Pyriform,2,23027b1a7a3f898d0b52f7c5e22261041db7e5f5a96a7ddb442668dea0d8ad39,e9648c28e53de8dfe1d9cd3d8fc8953e251f5c8347beafe36372e543c21e8a69,131,131,da3918e2b199a527,,ok
hushem/03_Pyriform/image_026.BMP,03_Pyriform/image_026.BMP,Pyriform,2,839b77681c020664b3de6ecfbda8f0de65c3b40407ebe8e346dfaa035b0d64cc,c54c5b7fdef8ff9a0fbc87d2b37bd5a311114d88db46dc4143059431d4eb3f0b,131,131,2030247231046472,,ok
hushem/03_Pyriform/image_027.BMP,03_Pyriform/image_027.BMP,Pyriform,2,3ddcb4958ed04d33f9fb9c27394f1c87244a454c5862f9831d783c4072fc994e,6862f3bc3a7a4aa80db3a2773320eff252a7ab389ec161b905989bc91e8bc74d,131,131,91d86e33916966a9,,ok
hushem/03_Pyriform/image_028.BMP,03_Pyriform/image_028.BMP,Pyriform,2,bade473c21869ae2bc5152e576ead1c000f1ef6e8e290159af43019700accc65,e062e710665325ac389c8a9743e0b693cc2b2f67329457b6d8ba3a932d1f16e5,131,131,60986472715c8c0d,,ok
hushem/03_Pyriform/image_029.BMP,03_Pyriform/image_029.BMP,Pyriform,2,bad121882b3ff1372b31ede199f70f2eadbf68e7a3a7de4047f84d8c8d173503,2a492cf0f6e930ef881f648d17391644832d98945e880d8c6bd516344c29623e,131,131,200864b2b249ac16,,ok
hushem/03_Pyriform/image_030.BMP,03_Pyriform/image_030.BMP,Pyriform,2,18099ed3ea7c457675bc098e3545ff04b59c3fe4489fa33fc835a470953eac47,8043421bc629cb37d2a304c06982bf692f7e5bcb2450a0c68daaf301f6f5292f,131,131,b434343032323210,,ok
hushem/03_Pyriform/image_031.BMP,03_Pyriform/image_031.BMP,Pyriform,2,6c05076058fb06c530f7b4686adc628fc07ea219a12bb9eff4bbfef475fd8651,758928cf92e94066ed99e7cdb72660ebcf9e9bdb3b2d355c6e411eed554ffd79,131,131,320c1232b2b4a068,,ok
hushem/03_Pyriform/image_032.BMP,03_Pyriform/image_032.BMP,Pyriform,2,97aa2cc97873776e2c412a9858ab20599e5710b4d0b1025e68d5fc60e3d84582,24afc6127837a7d250d52fa83888d572c845b790d20ced37b9778914ce577b39,131,131,12045232b2b4e262,,ok
hushem/03_Pyriform/image_033.BMP,03_Pyriform/image_033.BMP,Pyriform,2,92f3d09b8b902627be33d3c807ffa4d8d0775dadabb9ba5fe167eb5be8fd4f89,abac9d94330501c3acae2bded2aa979415bc585aa662d123fdc68d9d464195fe,131,131,22608fb071255040,,ok
hushem/03_Pyriform/image_034.BMP,03_Pyriform/image_034.BMP,Pyriform,2,8e08e6151489d1c1d79db05dff66a05a55debf37f15c34b91a390a5b56183867,ba9275cbf871d4bac4aacd64ed7d88bc692d70cc0ae669711d87a267e428c072,131,131,c0d827f070669820,,ok
hushem/03_Pyriform/image_035.BMP,03_Pyriform/image_035.BMP,Pyriform,2,e31e5f59e704208d9898e49f241f0703d5b4e0857d792741c6f4302e437718c5,6d6aa8291f7b3d5c043ad466599f0eea0ac3acc99b9cab415c9c2c9d3875aeb8,131,131,201864b2b212254e,,ok
hushem/03_Pyriform/image_036.BMP,03_Pyriform/image_036.BMP,Pyriform,2,60ce22567e3710a6ca0c040aab6588e2c28fac7cb1385f1991cc3c735c463c7b,9f711474729a3678ebec4da6db40599bd78b7ea5f1c64990d9a1ee8174470b5e,131,131,d82699b172241920,,ok
hushem/03_Pyriform/image_037.BMP,03_Pyriform/image_037.BMP,Pyriform,2,e3fbec2ffc189efb462ff04f1b67b637814b18cd786ce4f4c23ba969bc410c22,6ce04c1e2236515b91899bc0fbdcd1d77e2ca82460ca0a3e7e6a82e147c2ed14,131,131,94245ab2324c9160,,ok
hushem/03_Pyriform/image_038.BMP,03_Pyriform/image_038.BMP,Pyriform,2,028c6cfb0454bd499c444b737c393cd34959eb2f428806d27fb260eff323b9d1,01ef5733481ceff95874d26a365aafb65db87ccf2075c8c20da152edb36c0a2f,131,131,1239d2b2b2b26464,,ok
hushem/03_Pyriform/image_039.BMP,03_Pyriform/image_039.BMP,Pyriform,2,dc498a4afaa66814cdaa9a738075396e0a203a9dc5a26d813669d8171b0934c1,50082edecd8e5ddf5d7004af9e14b09dd500a4f427542c91c45bf19228ab0689,131,131,add9643231582411,,ok
hushem/03_Pyriform/image_040.BMP,03_Pyriform/image_040.BMP,Pyriform,2,27777a1c4f5568f5e14ff7896e4d9ea3495923baacd37941082f1cae739e7ed1,a4780ddfd86edb33012ec53732d9b9be7dfd0af35e33a426baba933a14bd6b99,131,131,c030cae139992414,,ok
hushem/03_Pyriform/image_041.BMP,03_Pyriform/image_041.BMP,Pyriform,2,7d3d07b4773feed999b9f804bc0ed843b5b369f53b0a029685a96e435f0614ae,7c97bc5b80bf070b7bef0711748fb6b868c69862c0d95e2cdb9a8b204f570d14,131,131,0ba41bb1b1182009,,ok
hushem/03_Pyriform/image_042.BMP,03_Pyriform/image_042.BMP,Pyriform,2,cfac147265139b33d0349602fcdd9b5040a76632dc1eab2cc914868b52ceec19,1844eeba60b34410f8d5e9dbc8d19ef332f15143f14592f1565dd7ea098781ea,131,131,304c32b23234a464,,ok
hushem/03_Pyriform/image_043.BMP,03_Pyriform/image_043.BMP,Pyriform,2,c237d88ec72d71dfeae70795266f54e269afa948d12c38f590e5a7ab746a4743,3dd6c49f10b35e49a0470de6b95aca3b1a846ccc1401feb4ac3e1a4fe1d9af7d,131,131,32b270b0b23134cf,,ok
hushem/03_Pyriform/image_044.BMP,03_Pyriform/image_044.BMP,Pyriform,2,8cd48e0d4560479a5cbc6deb6472b9b5266188125fcabd4aadf16d07969e67f0,d850af191f24ee786c93f66ea9fd7dd4809e9523c730e8d4563010b153890b3f,131,131,481532b2b2521232,,ok
hushem/03_Pyriform/image_045.BMP,03_Pyriform/image_045.BMP,Pyriform,2,03013d415d6efd1e7a0723a889a8f86e9d9599370c9f8fbb73e88e3b16d8506e,64c9847de7f916c0bea4529bf66b46c885a553cf159cefbec18a9c34fe0f3e26,131,131,68a8a4b2b2520d30,,ok
hushem/03_Pyriform/image_046.BMP,03_Pyriform/image_046.BMP,Pyriform,2,62a07bfca2a483f7552c0f874793385ff9711630810db01816665303b8baa314,1d834df96b228628274277021d14f35647c02ea3187610a68861b50d8a3c1423,131,131,18e6997972649840,,ok
hushem/03_Pyriform/image_047.BMP,03_Pyriform/image_047.BMP,Pyriform,2,c67afeec5b95fef7442c6bf077612295e420b6a7100e5f4c3e54244a81fe00d8,0b2d1a99f4dca5e82039a625a29e54ab1c67bc44ec706e6f0b2ca25baf9aba56,131,131,10681271f0166824,,ok
hushem/03_Pyriform/image_048.BMP,03_Pyriform/image_048.BMP,Pyriform,2,6e527d94672f16303a13ba8ce5affb91f21e7a91d33ddff621a7e64c8ab5f2cd,5439ea386b4890a97479d3b58ebc0a7b8802ddba77c2efcfb2bf237cab7a4926,131,131,162419b272648a32,,ok
hushem/03_Pyriform/image_049.BMP,03_Pyriform/image_049.BMP,Pyriform,2,5e41371d1314e2381e6f553865176dcd2757a20d426853467397633a2c10c267,13edd6a445d0007e830077fec5c9f43ed920c9c7a2af05e5f5472ee9b0745f28,131,131,10708ee1321a6426,,ok
hushem/03_Pyriform/image_050.BMP,03_Pyriform/image_050.BMP,Pyriform,2,d1ac2dc8072d0b2b028271ebba58123ebc36aed35660e332a0631f68f6d539a0,944655144d8669b67c08a31c58aa025d44929b0bb74e8861708543a42fa69b89,131,131,60986c63b0bc1803,,ok
hushem/03_Pyriform/image_051.BMP,03_Pyriform/image_051.BMP,Pyriform,2,6639a0e5db77c7eb11cf9f012e14787ded751fd9a3c170e3a66a1de16e422b3c,fb3c7c4e364cf4aa538379c5040b408b54156390aafb4519fc2971cac93095fe,131,131,9090c6e0f1d224b0,,ok
hushem/03_Pyriform/image_052.BMP,03_Pyriform/image_052.BMP,Pyriform,2,b6de64025aabd03c163b8c237744bf315187c066a14e0324901d87502135186e,1ea4fa4a9b0242d0aa0cc924a9ca8dfdc4b47a4024898819122de557e781dde4,131,131,44204ed87889a668,,ok
hushem/03_Pyriform/image_053.BMP,03_Pyriform/image_053.BMP,Pyriform,2,0f8ae5b42c017a3fc8fa39574592f00065794f4ee4e7b99c9ed3b4656b7d6a24,e928f006ee295d7e92748cd7b0784e8fb52d63bb451b01798d8ccc3cc5a54cf4,131,131,34641ef1f11ee042,,ok
hushem/03_Pyriform/image_054.BMP,03_Pyriform/image_054.BMP,Pyriform,2,467ea1cdd46f7ec7575845298a38b27c862ac1e61b314056d51dba2127ec0170,7bef55c6e5f1ccd643729125e1ffb250648bde43bcd046954817f4f6e48d5ab2,131,131,d02618f1718e5048,,ok
hushem/03_Pyriform/image_055.BMP,03_Pyriform/image_055.BMP,Pyriform,2,fa978f52b3a46e92ca990b603c35780a91b27b21a20a218d32b2cdf289b7561a,97891eb0f662e95d3fc6a064792794fd23fb16c380c9f9ed4db05f255fd2e905,131,131,2111cef131e92712,,ok
hushem/03_Pyriform/image_056.BMP,03_Pyriform/image_056.BMP,Pyriform,2,2397bb10e31365fd7ccd71d9012f7177a4134bb7d624b174106f1cf7135cb9ef,0ff7a06bd3a3e6fdcbca2d0f27dbe9951880303bd508693f37960b75b5f6a602,131,131,6d14cef3b1d9269a,,ok
hushem/03_Pyriform/image_057.BMP,03_Pyriform/image_057.BMP,Pyriform,2,91f0fb821a96ff29bd75f50d8196fd54fa7737fb59b3ac0b1303f6ad55a5cc63,f83a3d2859ccf36e0f146b71d423d77d4856f828fdf774cf429f79fa67cfba6e,131,131,218a24b2b25a9a16,,ok
hushem/04_Amorphous/image_001.BMP,04_Amorphous/image_001.BMP,Amorphous,3,63eb5677976560ba7c4477d9777ef52721457491050f6311789f76d8ad872702,fb7b9bc3affed483d1b8d0656e2e9b175e96d809050cba57be29abacdc0bd393,131,131,2108b432b2d88c13,,ok
hushem/04_Amorphous/image_002.BMP,04_Amorphous/image_002.BMP,Amorphous,3,4cb7d4a649477c99b840ce71991c7d5816fbfa5ff09dfb6b9679c3ca7d89bd39,f217df3a7d20c7156aa9582895690a5460dd7d4c700c046625e5c4c6efcd07de,131,131,102c5332b2264c68,,ok
hushem/04_Amorphous/image_003.BMP,04_Amorphous/image_003.BMP,Amorphous,3,bdfa08be67f84117515b33bf4d819ec8289f716d730502e228283061fe0b208e,726c1371a1b7f8a71c0cd8b89d8844d4e5b5375261e955d31696844a456a0067,131,131,c24946f630492622,,ok
hushem/04_Amorphous/image_004.BMP,04_Amorphous/image_004.BMP,Amorphous,3,7413f032ea45e9aa7d64c0a42849dc18db35f844698d73c83f78fc3a18923b81,fcdd43b8fd99294447a07c8effbc35154cc1a2d0b74c4a42ff3de48a9df6cc2a,131,131,79921532b2b04c44,,ok
hushem/04_Amorphous/image_005.BMP,04_Amorphous/image_005.BMP,Amorphous,3,c1c4383d7342acc40aadeda75c184080f8b5d388f3ce520d3a26eca2437d293d,c4293721709dcd67f84eecd46d49d2c3b162a23de686ab865c76f6e96d796a21,131,124,0a0419b1320c0000,,ok
hushem/04_Amorphous/image_006.BMP,04_Amorphous/image_006.BMP,Amorphous,3,21d7b1315bc642e926da155a0fea8afacf0c33119c65cd7135ab12e0ead95b47,6a8ba86865edce3887802dd99b7274162c77b1ad6dcf688ae009f5d82144bbca,131,131,04120c3232081a1a,,ok
hushem/04_Amorphous/image_007.BMP,04_Amorphous/image_007.BMP,Amorphous,3,fa95169a8fe5c9e0d0eac495ff92dbea0c2f9c037b803cb5caf8930592e7e850,2be637d2bb34051b3b104a5d96e5f374e8e761c260c5d2b1f61a350dd9eea8bf,131,131,0d482472b1952456,,ok
hushem/04_Amorphous/image_008.BMP,04_Amorphous/image_008.BMP,Amorphous,3,f9832f853e261ddb8da51f673b369c6850f006ec942da6c510d91ab502e565fc,261c34202cb72685b5609ba830b5d97a3702259106b131950591577b15d17036,131,131,3535b2b2b2526852,,ok
hushem/04_Amorphous/image_009.BMP,04_Amorphous/image_009.BMP,Amorphous,3,ffddee19ed2e8caa82be8eb677ef0d0a7945f10cc15d52e95f836bcd089b67d6,1f741ffcbdc67d68049c1a5b1360b8704b068c241393829a4bcc9ada2fa33a0f,131,131,522d5232b2a54b40,,ok
hushem/04_Amorphous/image_010.BMP,04_Amorphous/image_010.BMP,Amorphous,3,c3c653998cfcfc2bc923c334b2c54117e9f482b78b78f817756691db892b873c,038f999dd0734b2a8edc6e249eb178d8dc5629920f1bde869025288a98693131,131,131,a0cc56b2b2140810,,ok
hushem/04_Amorphous/image_011.BMP,04_Amorphous/image_011.BMP,Amorphous,3,63ff34eeb462f4805a89e38137cf288c464e930a438d9a5feb65cac04d51eb39,67f112588def63b5604a765d33299b89db459117d6326b275129e9724c807c60,131,123,999935b2b2b00c11,,ok
hushem/04_Amorphous/image_012.BMP,04_Amorphous/image_012.BMP,Amorphous,3,532ffabcacde939c94ba826cd9d1bb9c84f7f201bc2dcafd069ace64780b9f39,d9c7ed895e7857da62fcf6b26718c67f073e1351084d4470cee2f915ba43b146,131,131,18295232b231c8a1,,ok
hushem/04_Amorphous/image_013.BMP,04_Amorphous/image_013.BMP,Amorphous,3,b3baee0ae117be5f640aff8e911ff67c132f3875138b6ae00c577ae88d81324d,203877445939a24a204e5a1ee2b3ecf5a69ca93ca1a81c18e7975f2b17de980e,131,131,88214fb0324d7240,,ok
hushem/04_Amorphous/image_014.BMP,04_Amorphous/image_014.BMP,Amorphous,3,6d610d4358b7fcecc1b384d303a6cabc972016da01095398d1c58dc9b47869b2,7e5c2e6c25432bfee7100df89fedaaedad8726b0b3d34254824386de312a2cd1,131,131,209845b232502c04,,ok
hushem/04_Amorphous/image_015.BMP,04_Amorphous/image_015.BMP,Amorphous,3,73ef09e1ea3f28f194461048ac819fb15116a60d3cfb6cd16c21dc25c90c95ff,7ad09bdf7c545d4be7442816d081770af750388811a5f282e08fa0f6367565df,131,131,334b34b2b2100c12,,ok
hushem/04_Amorphous/image_016.BMP,04_Amorphous/image_016.BMP,Amorphous,3,008a6a702e39bf894f0e63156149a103f76ea09978ba857176d64f8ff354f80a,261729fc9453447acd4880d4a0b78dac1d09e89cba9785d6f7b94d3939fe3d85,131,131,a4cc34b2b2525230,,ok
hushem/04_Amorphous/image_017.BMP,04_Amorphous/image_017.BMP,Amorphous,3,a6eb20e9f03afd50998392e2635a76f376e7a658fdd6b1dd0a8b1337ede762d8,6d7c906af84cb08bd4f92c95bbf7eaf4af2a02f4c89520d2c8ddf19dfb9fa039,131,131,0090cdb2b2cdb686,,ok
hushem/04_Amorphous/image_018.BMP,04_Amorphous/image_018.BMP,Amorphous,3,c6ca72aec48b7ac3e64f943f70247e9d2f7b0ae89a6e8912a62dff760897d118,f287bd322fe4c70d65ff7ca10f2e3f5f762061e3014e505f7faa661b6da0f178,131,131,124c3232b27488a4,,ok
hushem/04_Amorphous/image_019.BMP,04_Amorphous/image_019.BMP,Amorphous,3,cb811bbf98d3d27067595d67d8f7390dbe9f8a0581f28e1c055f981c3b7e215b,7f727accb8e79d9c2507b1af81ef37f939e56b4f25924ab7b735d6b8e4045bdf,131,131,3149b1b2b29a2810,,ok
hushem/04_Amorphous/image_020.BMP,04_Amorphous/image_020.BMP,Amorphous,3,e8315263f71e6a3e4b6a0c1a870537a0bfa623db315e6a691ee7a2e0b0915fa1,daf5468d285b0ced3948f959a0386c92f6bb4db181b7f997c99b0a3237f99157,131,131,14304db2304f1008,,ok
hushem/04_Amorphous/image_021.BMP,04_Amorphous/image_021.BMP,Amorphous,3,22885b94dd14fbe592e05a5521b99988f627500c19c519931ba86d70013c4cb9,27ce6df6dba92bc8e65df7136bca4dfaee824022cf4bb4ecc24c7bcfd3208a0d,131,131,42a00cb1b21c280a,,ok
hushem/04_Amorphous/image_022.BMP,04_Amorphous/image_022.BMP,Amorphous,3,e4d10616afad6c2374639e5dd7ada5a559cb5258b73695778d592c0f25f49643,f6de1886dbe8edbde5273247a31985cd81702bc8c14403ced9c6266041b9eb1f,131,131,a51924b2b2586510,,ok
hushem/04_Amorphous/image_023.BMP,04_Amorphous/image_023.BMP,Amorphous,3,1f47a4db6a0dc737e183cbcddbc55f56a4505cf4a8ade839a96bb5e78550b417,4fe8355df4dfc3371a2bca86b8165f50e430f08039e03c47169b1a9d9543e691,131,131,95480572b2142804,,ok
hushem/04_Amorphous/image_024.BMP,04_Amorphous/image_024.BMP,Amorphous,3,6238e894a7a5078bcd0c638a4d881a365d9c42d13ba59ed61d0ba9cd5672d48f,dfa671a94f91941f03aee7a2796fdd6a2b8c7274f11b1ddbc0ffb85f88ce8031,131,131,4d6816717094c912,,ok
hushem/04_Amorphous/image_025.BMP,04_Amorphous/image_025.BMP,Amorphous,3,3690e7f90b91c30c6d6ebe442d6e4a8ca3ef99824abfa4539300152e2b9d6806,9399eeb433ef2cc5451b4615649d05de47bb41933e560ac40034979cc1fdff2e,131,131,c089c9b2b2251821,,ok
hushem/04_Amorphous/image_026.BMP,04_Amorphous/image_026.BMP,Amorphous,3,e7610f212ec3a5fd74e20883d97beb0738c10661b90062cbf93d3ec022f92922,5e66f98b2e965cfe561dbbef1dc32bf5a5440106d39e108f3653a0cef1ae6523,131,131,524864b232da50a4,,ok
hushem/04_Amorphous/image_027.BMP,04_Amorphous/image_027.BMP,Amorphous,3,2647ab8d721d56c23ebbff529f738801227964cb4fadf1910994c4152e3f3a39,65356949feb1af1891281ed51e0fe95c46dce94f64141fe0bb44a7a09e8764de,131,131,62642cb2b24c3082,,ok
hushem/04_Amorphous/image_028.BMP,04_Amorphous/image_028.BMP,Amorphous,3,45365ecddec96f8d0245161df9143d4adf3e7e7f3842f66d6007bae559da30d2,be30489c1403ba3b95d4648b2e2df14e418b4762676e17911288b5eb47062909,131,131,5068847270142812,,ok
hushem/04_Amorphous/image_029.BMP,04_Amorphous/image_029.BMP,Amorphous,3,807c565a9b0f7af78a1b1361296dd700ae8d144268a76cf24ab06fbbcecfe1a7,e1c66b3589f22504f86dd1ecabd3fdf7dca174b04fc8da3a7e0ee83743477912,131,131,09290d30300d1004,,ok
hushem/04_Amorphous/image_030.BMP,04_Amorphous/image_030.BMP,Amorphous,3,90b8382333646d0ff83181f1847060a9ca71d2988c48af50dd616d80e2560edf,635a0e6be5801dc38b22034a87a5d5ab9beb723a5608b1f7ad5940b85dd052da,131,131,2408b0b2b2925a92,,ok
hushem/04_Amorphous/image_031.BMP,04_Amorphous/image_031.BMP,Amorphous,3,3fe6f385db6004441dfebe9b6557948028a7e84d886179b2c9b0d5da20865647,c85bcb8e73514950b8fdc6bed6aa9b29ef5289a1a582402c10676b301dc5e9e7,131,131,1028743233320888,,ok
hushem/04_Amorphous/image_032.BMP,04_Amorphous/image_032.BMP,Amorphous,3,32bcb377706049335cfdd98394abaf03e8b0c8c9020078f435a077bccd9fb76f,a3e0110cf031551e6c2704d35316f0bebdcc5d02daab4f58dca4f3ea1006cd71,131,131,000c30b2b2120010,,ok
hushem/04_Amorphous/image_033.BMP,04_Amorphous/image_033.BMP,Amorphous,3,e55ab6f5db2d57ae5ec752370d3c5ad6e1e9880b43edef28f653e67e2144e68a,cc3f694567cbe178a53050082657e8848c00d18bf7738f6827ef1695593e400c,131,131,616474b2325048d0,,ok
hushem/04_Amorphous/image_034.BMP,04_Amorphous/image_034.BMP,Amorphous,3,75fd4054e84b8fbb4bac492d03a3a639cb49f2872eaf5fff19cf7d5fa49f7629,bac8af876d7faf3c468175c75373bdb2cbb97db84419a2c54b6f7b38e2764787,131,131,4868ecb2b2cd2100,,ok
hushem/04_Amorphous/image_035.BMP,04_Amorphous/image_035.BMP,Amorphous,3,893069d39806d2d51f1fb78dd0971ffa6615b41c0be1498418cd5e2d73c0c3c6,978fff3d107a3c752e422e0859b55c9fd76c320c102752784c86074d81926526,131,131,6061b5b132446b0b,,ok
hushem/04_Amorphous/image_036.BMP,04_Amorphous/image_036.BMP,Amorphous,3,a19ddbef86011f38b832023bb6bf2719cc633160670620c0617dd442c2d3c008,d641a9f578afd82ba842ac2a0865fc02bcb0c3dbae2beafb6fc57d8356895149,131,131,324b33b2b2b18ebe,,ok
hushem/04_Amorphous/image_037.BMP,04_Amorphous/image_037.BMP,Amorphous,3,36ff72094d0835922fbb737d87f3665945a00fcede463f0932c9645ef6be0d8f,e43695ae946b3a018b35a149bfcb4d3c7e26d3461e649ab4fad25fa124c3eca8,131,131,4e930d32b10d2008,,ok
hushem/04_Amorphous/image_038.BMP,04_Amorphous/image_038.BMP,Amorphous,3,a5e122d4a12fd93b76d066193616b880004948f429f8d65eb2983811abeef60a,5397eaf626901dfa48502298d01033b571941359d5392ef1c957cf351bf5c428,131,131,194d0c31b20d8972,,ok
hushem/04_Amorphous/image_039.BMP,04_Amorphous/image_039.BMP,Amorphous,3,6f1d1901c12be7213acb2416e39893c6fe1da7fd6cf746704466f92574572efc,d365148ed09d503adb14f28e759c7eb3b31b8f098b22f2ef630bab2ce882cf61,131,131,2d2d4db2324e4d03,,ok
hushem/04_Amorphous/image_040.BMP,04_Amorphous/image_040.BMP,Amorphous,3,b3374d6b2d94634545b8c5384885b311468a48e6dd56cc3b4229a29acb9b4338,fe9afccfd1b50a4c75ebd07742704c52389ab392bed5319874b43b4f9f32d20e,131,131,686db4b2b2324c31,,ok
hushem/04_Amorphous/image_041.BMP,04_Amorphous/image_041.BMP,Amorphous,3,647864f2fc79910c600e6bb46031644749f50dc47cb622d87ec84b49a06e23dd,44e820fddfe6639fe157f9c07fd67327035c7beceb834dafa710070fa7dc5086,131,131,9a9954b3f3941b0a,,ok
hushem/04_Amorphous/image_042.BMP,04_Amorphous/image_042.BMP,Amorphous,3,44fe8b7d5ec32ce76e7576b3c5b92a348c499b88eb19af4bb924e2c927786d5b,798b052f27a94d542a3987f38f4bb040f2ef0cab9b41104bace8c0e7cf653c5e,131,131,516c9231f2946820,,ok
hushem/04_Amorphous/image_043.BMP,04_Amorphous/image_043.BMP,Amorphous,3,e4576678f5feadf32223b985a6808c14b9ff1b517121605e17797a1b01ac40c8,e263d650170e97984702acba97aa6b324c0e03e83a49a351e5dbeac60ce0aa0e,131,131,912c9031f2164884,,ok
hushem/04_Amorphous/image_044.BMP,04_Amorphous/image_044.BMP,Amorphous,3,11c2aa84ec38a0022425d046adf5c6f9482cddd62d6cb79146a1fa504e1aa91e,9ce51cdbc7a3f2907a3d39fb57d547f922e75173466a43d07eda44eecc7e29fc,131,131,32a5a4b3b2d22c10,,ok
hushem/04_Amorphous/image_045.BMP,04_Amorphous/image_045.BMP,Amorphous,3,de96f0e8c5e61f64b7cbdba36457e0a39501141133c7c705e1a701605926acd4,a37bfb188b16fa6db7355c5899c2db8eb1b72258dda7e9459b3f8be3b5e328cc,131,131,3a196532b25b2512,,ok
hushem/04_Amorphous/image_046.BMP,04_Amorphous/image_046.BMP,Amorphous,3,90a3f62ecd176e219dc5adc7ffad4b25ddc3dfdd07938b931eeb85127a7c3b74,fa87cadbe01927426aaad2eb09ee411cecd0059306b5bb4ecefd31b50b0cbc94,131,131,06344db3b30f4343,,ok
hushem/04_Amorphous/image_047.BMP,04_Amorphous/image_047.BMP,Amorphous,3,fc602e74ebaad224cd166c0e7d33fc65296f86a23a6acf3696918b068fbdb609,8de5d732291b5c16741601e9118e99b63a5b1030f16f0628741cd175e9ce0b5f,131,131,b52c52b2b2352b14,,ok
hushem/04_Amorphous/image_048.BMP,04_Amorphous/image_048.BMP,Amorphous,3,b2e4645c4a389a16e52b3bf1ee5c723a82613bec1ddf2ce20e484a943ed1d1c6,a883580e20c0726ea8c5e36cc1fc999e46cb23b594b8790f00f9962f4c0394ed,131,131,3809b4b2b2524958,,ok
hushem/04_Amorphous/image_049.BMP,04_Amorphous/image_049.BMP,Amorphous,3,015bf3fa8005d18b579176462639f3be621c8e1c46e2e658f1dd3cb2e78f9008,73451b87117817dd75ef2ee39e87b4438b56ef55dd95b66d516981bec41b84e0,131,131,3c265bb2b2e49824,,ok
hushem/04_Amorphous/image_050.BMP,04_Amorphous/image_050.BMP,Amorphous,3,a849a7a5ad5af2b8913dae308fa5ec98277db7025004ad8e4927fc368d37a459,a243638bbb2d3059ab21dc08b3854481ac404a56b4190149a54008f036347521,131,131,344bb632b2332c40,,ok
hushem/04_Amorphous/image_051.BMP,04_Amorphous/image_051.BMP,Amorphous,3,b5ff1b0927b95c8e845c8bb2d9100d57b3838cfe656a65f23a2b88835faaab65,4d57341570e2493af6936f2d08900a778cf760ba99bde9820da8dbefbc9b04ae,131,131,21245ab232cc1060,,ok
hushem/04_Amorphous/image_052.BMP,04_Amorphous/image_052.BMP,Amorphous,3,2809ff7c319f118d24f7804f14b9eac9cd75edd94a6fa6f426db400a816fcfaf,52464212f5e2a1eb10fa75f2eb53c11ebf2a4998d40fc31c22cf87c11382cda6,131,131,292958b0b2330b21,,ok
