image_id,repeat,fold,label_idx,pred,prob_0,prob_1,prob_2,prob_3
hushem/01_Normal/image_010.BMP,0,0,0,0,0.979296,0.016005,0.004501,0.000198
hushem/01_Normal/image_012.BMP,0,0,0,0,0.871445,0.000758,0.127682,0.000115
hushem/01_Normal/image_022.BMP,0,0,0,0,0.990926,0.008464,0.000501,0.000109
hushem/01_Normal/image_025.BMP,0,0,0,0,0.982321,0.000073,0.007758,0.009848
hushem/01_Normal/image_031.BMP,0,0,0,0,0.953441,0.011986,0.002797,0.031776
hushem/01_Normal/image_033.BMP,0,0,0,3,0.337463,0.012399,0.019986,0.630153
hushem/01_Normal/image_035.BMP,0,0,0,0,0.834062,0.000279,0.069069,0.096590
hushem/01_Normal/image_038.BMP,0,0,0,0,0.992155,0.000629,0.000542,0.006675
hushem/01_Normal/image_040.BMP,0,0,0,2,0.161213,0.000308,0.836803,0.001677
hushem/01_Normal/image_045.BMP,0,0,0,0,0.995621,0.000245,0.003820,0.000314
hushem/01_Normal/image_050.BMP,0,0,0,0,0.996246,0.000052,0.001427,0.002274
hushem/02_Tapered/image_002.BMP,0,0,1,2,0.000000,0.461303,0.514739,0.023958
hushem/02_Tapered/image_009.BMP,0,0,1,3,0.000014,0.158688,0.001542,0.839756
hushem/02_Tapered/image_016.BMP,0,0,1,1,0.006364,0.941570,0.010137,0.041929
hushem/02_Tapered/image_018.BMP,0,0,1,1,0.014107,0.966521,0.009928,0.009444
hushem/02_Tapered/image_029.BMP,0,0,1,1,0.000000,0.688422,0.026670,0.284908
hushem/02_Tapered/image_036.BMP,0,0,1,1,0.011293,0.966427,0.018437,0.003843
hushem/02_Tapered/image_038.BMP,0,0,1,1,0.000001,0.997868,0.001811,0.000319
hushem/02_Tapered/image_040.BMP,0,0,1,1,0.000000,0.996627,0.003212,0.000161
hushem/02_Tapered/image_041.BMP,0,0,1,1,0.000000,0.971867,0.026652,0.001481
hushem/02_Tapered/image_048.BMP,0,0,1,1,0.000000,0.891301,0.108681,0.000018
hushem/02_Tapered/image_049.BMP,0,0,1,2,0.000000,0.189748,0.803862,0.006390
hushem/03_Pyriform/image_004.BMP,0,0,2,2,0.000000,0.387664,0.612333,0.000003
hushem/03_Pyriform/image_007.BMP,0,0,2,2,0.000000,0.245084,0.698270,0.056646
hushem/03_Pyriform/image_010.BMP,0,0,2,0,0.928635,0.001978,0.069374,0.000013
hushem/03_Pyriform/image_012.BMP,0,0,2,0,0.504282,0.001263,0.494124,0.000331
hushem/03_Pyriform/image_014.BMP,0,0,2,2,0.000000,0.066640,0.933259,0.000101
hushem/03_Pyriform/image_045.BMP,0,0,2,1,0.000000,0.717822,0.282165,0.000013
hushem/03_Pyriform/image_050.BMP,0,0,2,2,0.000000,0.010375,0.967830,0.021796
hushem/03_Pyriform/image_051.BMP,0,0,2,2,0.000000,0.030637,0.689036,0.280327
hushem/03_Pyriform/image_052.BMP,0,0,2,2,0.000000,0.062004,0.934372,0.003625
hushem/03_Pyriform/image_054.BMP,0,0,2,2,0.000000,0.075306,0.923657,0.001036
hushem/03_Pyriform/image_055.BMP,0,0,2,2,0.000000,0.044193,0.955641,0.000165
hushem/04_Amorphous/image_019.BMP,0,0,3,3,0.000000,0.087559,0.007502,0.904939
hushem/04_Amorphous/image_021.BMP,0,0,3,3,0.061270,0.000403,0.002515,0.935812
hushem/04_Amorphous/image_029.BMP,0,0,3,3,0.000052,0.000002,0.000621,0.999325
hushem/04_Amorphous/image_033.BMP,0,0,3,3,0.000000,0.001733,0.002129,0.996138
hushem/04_Amorphous/image_037.BMP,0,0,3,3,0.000000,0.001422,0.000692,0.997886
hushem/04_Amorphous/image_039.BMP,0,0,3,3,0.000000,0.017345,0.384111,0.598544
hushem/04_Amorphous/image_040.BMP,0,0,3,3,0.000000,0.095017,0.193874,0.711110
hushem/04_Amorphous/image_041.BMP,0,0,3,3,0.000002,0.000026,0.000262,0.999710
hushem/04_Amorphous/image_042.BMP,0,0,3,3,0.000000,0.000113,0.286748,0.713139
hushem/04_Amorphous/image_043.BMP,0,0,3,3,0.000000,0.000082,0.224701,0.775217
hushem/01_Normal/image_005.BMP,0,1,0,0,0.966082,0.000993,0.025907,0.007018
hushem/01_Normal/image_008.BMP,0,1,0,0,0.904279,0.074127,0.011622,0.009972
hushem/01_Normal/image_011.BMP,0,1,0,0,0.982272,0.007778,0.003811,0.006139
hushem/01_Normal/image_013.BMP,0,1,0,0,0.971791,0.000998,0.025065,0.002145
hushem/01_Normal/image_017.BMP,0,1,0,0,0.938927,0.056408,0.004489,0.000176
hushem/01_Normal/image_018.BMP,0,1,0,0,0.968469,0.018485,0.005134,0.007913
hushem/01_Normal/image_026.BMP,0,1,0,0,0.993337,0.000084,0.006371,0.000209
hushem/01_Normal/image_032.BMP,0,1,0,0,0.994611,0.000445,0.002193,0.002751
hushem/01_Normal/image_043.BMP,0,1,0,0,0.993656,0.000025,0.005895,0.000423
hushem/01_Normal/image_053.BMP,0,1,0,0,0.952358,0.000108,0.021009,0.026525
hushem/02_Tapered/image_003.BMP,0,1,1,1,0.000020,0.961570,0.005058,0.033353
hushem/02_Tapered/image_004.BMP,0,1,1,1,0.000220,0.898185,0.002278,0.099317
hushem/02_Tapered/image_006.BMP,0,1,1,1,0.000460,0.925890,0.073461,0.000190
hushem/02_Tapered/image_017.BMP,0,1,1,1,0.000304,0.980661,0.012072,0.006964
hushem/02_Tapered/image_019.BMP,0,1,1,1,0.009140,0.877552,0.003798,0.109510
hushem/02_Tapered/image_021.BMP,0,1,1,1,0.062245,0.930500,0.005308,0.001947
hushem/02_Tapered/image_030.BMP,0,1,1,1,0.000275,0.855268,0.141956,0.002501
hushem/02_Tapered/image_032.BMP,0,1,1,1,0.000039,0.993949,0.005493,0.000518
hushem/02_Tapered/image_043.BMP,0,1,1,1,0.000043,0.897955,0.101490,0.000511
hushem/02_Tapered/image_045.BMP,0,1,1,1,0.000015,0.995076,0.004677,0.000232
hushem/02_Tapered/image_051.BMP,0,1,1,1,0.000007,0.902621,0.096803,0.000570
hushem/03_Pyriform/image_005.BMP,0,1,2,2,0.001967,0.045911,0.951882,0.000240
hushem/03_Pyriform/image_011.BMP,0,1,2,0,0.951378,0.000012,0.048604,0.000006
hushem/03_Pyriform/image_023.BMP,0,1,2,2,0.264702,0.000006,0.735284,0.000008
hushem/03_Pyriform/image_024.BMP,0,1,2,2,0.001092,0.163485,0.835038,0.000385
hushem/03_Pyriform/image_032.BMP,0,1,2,1,0.005849,0.574904,0.419132,0.000116
hushem/03_Pyriform/image_033.BMP,0,1,2,2,0.000249,0.023827,0.818376,0.157549
hushem/03_Pyriform/image_035.BMP,0,1,2,2,0.000653,0.381139,0.617231,0.000977
hushem/03_Pyriform/image_040.BMP,0,1,2,2,0.000328,0.050871,0.934340,0.014461
hushem/03_Pyriform/image_047.BMP,0,1,2,2,0.024116,0.001857,0.961092,0.012936
hushem/03_Pyriform/image_049.BMP,0,1,2,2,0.000214,0.281041,0.716118,0.002626
hushem/03_Pyriform/image_056.BMP,0,1,2,2,0.000856,0.078051,0.920426,0.000667
hushem/03_Pyriform/image_057.BMP,0,1,2,2,0.000132,0.032991,0.961154,0.005723
hushem/04_Amorphous/image_002.BMP,0,1,3,1,0.000029,0.942875,0.006508,0.050587
hushem/04_Amorphous/image_008.BMP,0,1,3,3,0.000001,0.000140,0.007009,0.992850
hushem/04_Amorphous/image_011.BMP,0,1,3,0,0.510038,0.003604,0.004487,0.481871
hushem/04_Amorphous/image_017.BMP,0,1,3,3,0.000021,0.003476,0.002184,0.994318
hushem/04_Amorphous/image_018.BMP,0,1,3,3,0.162927,0.000063,0.014114,0.822896
hushem/04_Amorphous/image_020.BMP,0,1,3,3,0.000148,0.000039,0.000076,0.999737
hushem/04_Amorphous/image_031.BMP,0,1,3,3,0.000030,0.062433,0.005082,0.932455
hushem/04_Amorphous/image_045.BMP,0,1,3,3,0.000073,0.096580,0.148858,0.754489
hushem/04_Amorphous/image_047.BMP,0,1,3,3,0.000012,0.379321,0.005544,0.615123
hushem/04_Amorphous/image_050.BMP,0,1,3,3,0.000030,0.161141,0.004159,0.834671
hushem/01_Normal/image_002.BMP,0,2,0,0,0.971148,0.011093,0.015282,0.002477
hushem/01_Normal/image_003.BMP,0,2,0,0,0.931850,0.059704,0.008366,0.000080
hushem/01_Normal/image_014.BMP,0,2,0,0,0.826807,0.001320,0.057231,0.114642
hushem/01_Normal/image_016.BMP,0,2,0,0,0.992809,0.001473,0.005682,0.000036
hushem/01_Normal/image_019.BMP,0,2,0,0,0.953835,0.010064,0.036099,0.000002
hushem/01_Normal/image_024.BMP,0,2,0,0,0.987193,0.002582,0.010171,0.000053
hushem/01_Normal/image_034.BMP,0,2,0,0,0.977325,0.002868,0.009650,0.010156
hushem/01_Normal/image_036.BMP,0,2,0,0,0.977374,0.002572,0.005514,0.014540
hushem/01_Normal/image_042.BMP,0,2,0,0,0.937036,0.021645,0.013898,0.027421
hushem/01_Normal/image_044.BMP,0,2,0,0,0.969665,0.023654,0.003140,0.003540
hushem/01_Normal/image_047.BMP,0,2,0,0,0.980302,0.002687,0.008016,0.008995
hushem/02_Tapered/image_001.BMP,0,2,1,1,0.000018,0.576522,0.264116,0.159344
hushem/02_Tapered/image_007.BMP,0,2,1,1,0.258512,0.714608,0.026690,0.000189
hushem/02_Tapered/image_008.BMP,0,2,1,2,0.000014,0.168220,0.828790,0.002976
hushem/02_Tapered/image_011.BMP,0,2,1,1,0.011486,0.534301,0.454189,0.000024
hushem/02_Tapered/image_013.BMP,0,2,1,1,0.006189,0.965411,0.023388,0.005011
hushem/02_Tapered/image_028.BMP,0,2,1,1,0.000000,0.677062,0.321395,0.001543
hushem/02_Tapered/image_031.BMP,0,2,1,1,0.000546,0.960892,0.011553,0.027010
hushem/02_Tapered/image_037.BMP,0,2,1,1,0.000001,0.909812,0.090134,0.000052
hushem/02_Tapered/image_039.BMP,0,2,1,1,0.000000,0.923229,0.075939,0.000832
hushem/02_Tapered/image_042.BMP,0,2,1,1,0.000008,0.885914,0.113996,0.000082
hushem/02_Tapered/image_044.BMP,0,2,1,1,0.000008,0.968445,0.031453,0.000094
hushem/03_Pyriform/image_003.BMP,0,2,2,2,0.000029,0.070342,0.928947,0.000682
hushem/03_Pyriform/image_008.BMP,0,2,2,2,0.000002,0.214616,0.781496,0.003885
hushem/03_Pyriform/image_015.BMP,0,2,2,2,0.172428,0.001614,0.824847,0.001111
hushem/03_Pyriform/image_016.BMP,0,2,2,2,0.096939,0.009278,0.893345,0.000438
hushem/03_Pyriform/image_019.BMP,0,2,2,3,0.000036,0.102185,0.130663,0.767116
hushem/03_Pyriform/image_022.BMP,0,2,2,2,0.294152,0.006317,0.699528,0.000002
hushem/03_Pyriform/image_030.BMP,0,2,2,2,0.000001,0.366511,0.603287,0.030202
hushem/03_Pyriform/image_037.BMP,0,2,2,2,0.000009,0.051922,0.947461,0.000608
hushem/03_Pyriform/image_038.BMP,0,2,2,2,0.000012,0.251654,0.742302,0.006031
hushem/03_Pyriform/image_042.BMP,0,2,2,2,0.000001,0.226350,0.773253,0.000396
hushem/03_Pyriform/image_044.BMP,0,2,2,2,0.000000,0.081094,0.918881,0.000025
hushem/04_Amorphous/image_006.BMP,0,2,3,2,0.308767,0.064945,0.492355,0.133934
hushem/04_Amorphous/image_007.BMP,0,2,3,3,0.000001,0.000009,0.000184,0.999806
hushem/04_Amorphous/image_013.BMP,0,2,3,3,0.000001,0.002201,0.002642,0.995156
hushem/04_Amorphous/image_016.BMP,0,2,3,3,0.000084,0.032489,0.002007,0.965419
hushem/04_Amorphous/image_024.BMP,0,2,3,3,0.000000,0.000017,0.002752,0.997231
hushem/04_Amorphous/image_025.BMP,0,2,3,3,0.000003,0.018309,0.010300,0.971389
hushem/04_Amorphous/image_027.BMP,0,2,3,3,0.000729,0.003855,0.007411,0.988004
hushem/04_Amorphous/image_044.BMP,0,2,3,3,0.000000,0.083611,0.000832,0.915557
hushem/04_Amorphous/image_048.BMP,0,2,3,3,0.000000,0.154215,0.000611,0.845174
hushem/04_Amorphous/image_049.BMP,0,2,3,3,0.000000,0.009787,0.001372,0.988841
hushem/04_Amorphous/image_051.BMP,0,2,3,3,0.000007,0.056908,0.113976,0.829108
hushem/01_Normal/image_001.BMP,0,3,0,0,0.870367,0.129308,0.000046,0.000280
hushem/01_Normal/image_004.BMP,0,3,0,0,0.829136,0.170761,0.000069,0.000034
hushem/01_Normal/image_006.BMP,0,3,0,0,0.997638,0.000007,0.002355,0.000000
hushem/01_Normal/image_009.BMP,0,3,0,0,0.993521,0.006048,0.000026,0.000405
hushem/01_Normal/image_015.BMP,0,3,0,0,0.793122,0.000064,0.206762,0.000051
hushem/01_Normal/image_028.BMP,0,3,0,1,0.175298,0.801493,0.019086,0.004123
hushem/01_Normal/image_029.BMP,0,3,0,0,0.996428,0.002616,0.000028,0.000928
hushem/01_Normal/image_030.BMP,0,3,0,0,0.992411,0.005536,0.000023,0.002030
hushem/01_Normal/image_037.BMP,0,3,0,3,0.214692,0.007312,0.000199,0.777797
hushem/01_Normal/image_041.BMP,0,3,0,0,0.981086,0.004636,0.000072,0.014205
hushem/01_Normal/image_046.BMP,0,3,0,0,0.990047,0.001904,0.000031,0.008018
hushem/02_Tapered/image_005.BMP,0,3,1,1,0.427913,0.572042,0.000025,0.000019
hushem/02_Tapered/image_010.BMP,0,3,1,1,0.000339,0.999526,0.000025,0.000109
hushem/02_Tapered/image_015.BMP,0,3,1,1,0.042317,0.730823,0.225174,0.001686
hushem/02_Tapered/image_022.BMP,0,3,1,1,0.000002,0.997276,0.000010,0.002712
hushem/02_Tapered/image_026.BMP,0,3,1,1,0.000000,0.948341,0.000697,0.050962
hushem/02_Tapered/image_034.BMP,0,3,1,1,0.000002,0.890759,0.000492,0.108747
hushem/02_Tapered/image_046.BMP,0,3,1,1,0.000290,0.938178,0.000043,0.061489
hushem/02_Tapered/image_047.BMP,0,3,1,1,0.000874,0.998708,0.000045,0.000373
hushem/02_Tapered/image_050.BMP,0,3,1,2,0.000000,0.249411,0.735412,0.015177
hushem/02_Tapered/image_052.BMP,0,3,1,1,0.000011,0.994446,0.000329,0.005215
hushem/03_Pyriform/image_001.BMP,0,3,2,2,0.000000,0.004652,0.982893,0.012455
hushem/03_Pyriform/image_002.BMP,0,3,2,3,0.275291,0.007326,0.026925,0.690458
hushem/03_Pyriform/image_017.BMP,0,3,2,2,0.007097,0.000254,0.795603,0.197046
hushem/03_Pyriform/image_018.BMP,0,3,2,2,0.000001,0.020970,0.977259,0.001771
hushem/03_Pyriform/image_025.BMP,0,3,2,2,0.000005,0.059095,0.939831,0.001069
hushem/03_Pyriform/image_028.BMP,0,3,2,2,0.000008,0.003059,0.994015,0.002918
hushem/03_Pyriform/image_029.BMP,0,3,2,2,0.000001,0.246545,0.735408,0.018047
hushem/03_Pyriform/image_034.BMP,0,3,2,2,0.000006,0.051786,0.943129,0.005078
hushem/03_Pyriform/image_039.BMP,0,3,2,2,0.000202,0.096704,0.902605,0.000489
hushem/03_Pyriform/image_043.BMP,0,3,2,2,0.000000,0.077970,0.920082,0.001947
hushem/03_Pyriform/image_053.BMP,0,3,2,2,0.000000,0.151524,0.848442,0.000033
hushem/04_Amorphous/image_003.BMP,0,3,3,1,0.006936,0.608090,0.000088,0.384887
hushem/04_Amorphous/image_004.BMP,0,3,3,1,0.018987,0.842666,0.023806,0.114542
hushem/04_Amorphous/image_005.BMP,0,3,3,3,0.000000,0.007740,0.240649,0.751611
hushem/04_Amorphous/image_010.BMP,0,3,3,3,0.000124,0.000013,0.000755,0.999107
hushem/04_Amorphous/image_023.BMP,0,3,3,3,0.034014,0.000779,0.000064,0.965144
hushem/04_Amorphous/image_028.BMP,0,3,3,3,0.000073,0.004979,0.000020,0.994927
hushem/04_Amorphous/image_030.BMP,0,3,3,3,0.000002,0.089480,0.000017,0.910501
hushem/04_Amorphous/image_034.BMP,0,3,3,3,0.000000,0.002133,0.000003,0.997863
hushem/04_Amorphous/image_035.BMP,0,3,3,3,0.000002,0.000613,0.000625,0.998760
hushem/04_Amorphous/image_046.BMP,0,3,3,3,0.000000,0.000156,0.009531,0.990313
hushem/04_Amorphous/image_052.BMP,0,3,3,3,0.000001,0.283931,0.003659,0.712409
hushem/01_Normal/image_007.BMP,0,4,0,2,0.419605,0.003237,0.577157,0.000000
hushem/01_Normal/image_020.BMP,0,4,0,0,0.986711,0.011878,0.001410,0.000001
hushem/01_Normal/image_021.BMP,0,4,0,0,0.990169,0.002276,0.007475,0.000079
hushem/01_Normal/image_023.BMP,0,4,0,0,0.925171,0.001392,0.003712,0.069725
hushem/01_Normal/image_027.BMP,0,4,0,0,0.994761,0.000140,0.004882,0.000217
hushem/01_Normal/image_039.BMP,0,4,0,0,0.980898,0.017351,0.001746,0.000005
hushem/01_Normal/image_048.BMP,0,4,0,0,0.906102,0.000146,0.093752,0.000000
hushem/01_Normal/image_049.BMP,0,4,0,0,0.987060,0.000032,0.010934,0.001974
hushem/01_Normal/image_051.BMP,0,4,0,0,0.996119,0.000203,0.003603,0.000075
hushem/01_Normal/image_052.BMP,0,4,0,0,0.994194,0.000083,0.005483,0.000241
hushem/01_Normal/image_054.BMP,0,4,0,0,0.991949,0.000060,0.007806,0.000185
hushem/02_Tapered/image_012.BMP,0,4,1,1,0.000161,0.649761,0.350078,0.000000
hushem/02_Tapered/image_014.BMP,0,4,1,1,0.000022,0.966342,0.033635,0.000001
hushem/02_Tapered/image_020.BMP,0,4,1,1,0.000029,0.678158,0.321529,0.000284
hushem/02_Tapered/image_023.BMP,0,4,1,1,0.000017,0.640480,0.018049,0.341454
hushem/02_Tapered/image_024.BMP,0,4,1,1,0.355999,0.629461,0.014141,0.000399
hushem/02_Tapered/image_025.BMP,0,4,1,1,0.000009,0.721063,0.270693,0.008235
hushem/02_Tapered/image_027.BMP,0,4,1,1,0.000016,0.982473,0.006576,0.010935
hushem/02_Tapered/image_033.BMP,0,4,1,1,0.000001,0.999342,0.000615,0.000042
hushem/02_Tapered/image_035.BMP,0,4,1,1,0.000003,0.997274,0.002470,0.000253
hushem/02_Tapered/image_053.BMP,0,4,1,2,0.000002,0.372480,0.627379,0.000139
hushem/03_Pyriform/image_006.BMP,0,4,2,2,0.000000,0.002947,0.997038,0.000015
hushem/03_Pyriform/image_009.BMP,0,4,2,2,0.000000,0.010581,0.989150,0.000268
hushem/03_Pyriform/image_013.BMP,0,4,2,2,0.004746,0.000051,0.994935,0.000269
hushem/03_Pyriform/image_020.BMP,0,4,2,2,0.001703,0.000188,0.945389,0.052720
hushem/03_Pyriform/image_021.BMP,0,4,2,1,0.000244,0.972680,0.027065,0.000010
hushem/03_Pyriform/image_026.BMP,0,4,2,2,0.000061,0.034423,0.783597,0.181920
hushem/03_Pyriform/image_027.BMP,0,4,2,2,0.000111,0.213640,0.786175,0.000074
hushem/03_Pyriform/image_031.BMP,0,4,2,2,0.000552,0.212990,0.786452,0.000006
hushem/03_Pyriform/image_036.BMP,0,4,2,2,0.000006,0.009601,0.895664,0.094729
hushem/03_Pyriform/image_041.BMP,0,4,2,2,0.093139,0.000197,0.906657,0.000006
hushem/03_Pyriform/image_046.BMP,0,4,2,2,0.000000,0.027623,0.957243,0.015133
hushem/03_Pyriform/image_048.BMP,0,4,2,2,0.000052,0.001223,0.998720,0.000006
hushem/04_Amorphous/image_001.BMP,0,4,3,3,0.003874,0.000034,0.009485,0.986606
hushem/04_Amorphous/image_009.BMP,0,4,3,3,0.000038,0.004705,0.000481,0.994776
hushem/04_Amorphous/image_012.BMP,0,4,3,3,0.156651,0.000079,0.047155,0.796115
hushem/04_Amorphous/image_014.BMP,0,4,3,3,0.000667,0.022213,0.000738,0.976383
hushem/04_Amorphous/image_015.BMP,0,4,3,0,0.973838,0.000373,0.007170,0.018620
hushem/04_Amorphous/image_022.BMP,0,4,3,3,0.000000,0.000435,0.008719,0.990845
hushem/04_Amorphous/image_026.BMP,0,4,3,3,0.000001,0.000368,0.000593,0.999038
hushem/04_Amorphous/image_032.BMP,0,4,3,3,0.000020,0.000005,0.000097,0.999877
hushem/04_Amorphous/image_036.BMP,0,4,3,3,0.000017,0.002162,0.000152,0.997669
hushem/04_Amorphous/image_038.BMP,0,4,3,3,0.000193,0.007337,0.000203,0.992267
