dataset,fold,method,n,acc_original,acc_transformed,changed_predictions
hushem,0,anifa,43,0.8604651162790697,0.9534883720930233,4
hushem,0,frozen_raw_lr,43,0.7441860465116279,0.7441860465116279,8
hushem,0,kilic_lite,43,0.5348837209302325,0.6511627906976745,12
hushem,1,anifa,43,0.9069767441860465,0.8837209302325582,1
hushem,1,frozen_raw_lr,43,0.8372093023255814,0.8372093023255814,10
hushem,1,kilic_lite,43,0.6976744186046512,0.7441860465116279,7
hushem,2,anifa,44,0.8863636363636364,0.8863636363636364,1
hushem,2,frozen_raw_lr,44,0.7045454545454546,0.6818181818181818,11
hushem,2,kilic_lite,44,0.45454545454545453,0.4090909090909091,12
hushem,3,anifa,43,0.8604651162790697,0.813953488372093,2
hushem,3,frozen_raw_lr,43,0.8372093023255814,0.7441860465116279,10
hushem,3,kilic_lite,43,0.5813953488372093,0.627906976744186,11
hushem,4,anifa,43,0.8837209302325582,0.8372093023255814,6
hushem,4,frozen_raw_lr,43,0.7209302325581395,0.7906976744186046,9
hushem,4,kilic_lite,43,0.4883720930232558,0.4418604651162791,21
