stage,epoch,train_loss,train_acc,val_nll,val_acc,lr,seconds
warmup,0,1.3530711276190621,0.33035714285714285,1.2053651809692383,0.5,0.001,5.360594272613525
warmup,1,1.1335970589092799,0.5803571428571429,1.0481071472167969,0.7692307829856873,0.001,5.641942739486694
warmup,2,1.0604318295206343,0.6517857142857143,0.962718665599823,0.7307692170143127,0.001,5.855586051940918
finetune,0,1.298209547996521,0.38392857142857145,1.0751328468322754,0.6153846383094788,0.0002,13.949731349945068
finetune,1,1.1235851390021188,0.5982142857142857,1.019734501838684,0.5769230723381042,0.0001998629534754574,14.288848400115967
finetune,2,0.9421280877930778,0.7142857142857143,0.8856299519538879,0.7307692170143127,0.00019945218953682734,13.58272933959961
finetune,3,0.7220608336584908,0.8214285714285714,0.7477338314056396,0.692307710647583,0.0001987688340595138,14.00398588180542
finetune,4,0.6533014518874032,0.7767857142857143,0.7119302153587341,0.7692307829856873,0.0001978147600733806,14.773243427276611
finetune,5,0.5338278710842133,0.8214285714285714,0.6356115937232971,0.7307692170143127,0.00019659258262890686,13.908666610717773
finetune,6,0.37106090784072876,0.9017857142857143,0.6313453912734985,0.7692307829856873,0.0001951056516295154,13.446840286254883
finetune,7,0.37276322075298857,0.8660714285714286,0.7032245993614197,0.7307692170143127,0.0001933580426497202,13.814351558685303
finetune,8,0.2891259619167873,0.9017857142857143,0.6840670704841614,0.692307710647583,0.00019135454576426012,14.308686971664429
finetune,9,0.2470507515328271,0.9285714285714286,0.6158609390258789,0.7307692170143127,0.00018910065241883683,14.047784328460693
finetune,10,0.22356062808207103,0.9017857142857143,0.6307668685913086,0.7307692170143127,0.00018660254037844394,13.424282789230347
finetune,11,0.2078252945627485,0.9196428571428571,0.647058367729187,0.692307710647583,0.00018386705679454245,14.464547395706177
finetune,12,0.14662037257637298,0.9642857142857143,0.6147260665893555,0.692307710647583,0.0001809016994374948,13.473312616348267
finetune,13,0.14539848055158341,0.9464285714285714,0.5197395086288452,0.692307710647583,0.00017771459614569714,14.33150863647461
finetune,14,0.24854325103972638,0.8928571428571429,0.6400078535079956,0.7692307829856873,0.00017431448254773946,13.733972549438477
finetune,15,0.18382173191223825,0.9553571428571429,0.5772205591201782,0.8461538553237915,0.00017071067811865479,13.918425559997559
finetune,16,0.1662119903734752,0.9553571428571429,0.5330303907394409,0.8461538553237915,0.00016691306063588586,14.345019340515137
finetune,17,0.11819353779511792,0.9464285714285714,0.48492130637168884,0.8461538553237915,0.00016293203910498378,23.31019425392151
finetune,18,0.1421794750328575,0.9285714285714286,0.4560357630252838,0.8846153616905212,0.00015877852522924735,13.712465047836304
finetune,19,0.07759562573794808,0.9821428571428571,0.5308659076690674,0.8846153616905212,0.00015446390350150275,17.523653984069824
finetune,20,0.07322471987988267,0.9910714285714286,0.49564260244369507,0.8846153616905212,0.00015000000000000004,14.373182535171509
finetune,21,0.0513114095000284,1.0,0.5639539957046509,0.807692289352417,0.0001453990499739547,13.99263072013855
finetune,22,0.12064508880887713,0.9553571428571429,0.5744770169258118,0.807692289352417,0.00014067366430758007,13.919735431671143
finetune,23,0.04659031890332699,0.9910714285714286,0.5731585621833801,0.807692289352417,0.0001358367949545301,13.97421145439148
finetune,24,0.11457859458667892,0.9821428571428571,0.595027506351471,0.8461538553237915,0.0001309016994374948,14.527048826217651
finetune,25,0.09485520316021782,0.9464285714285714,0.694886326789856,0.807692289352417,0.00012588190451025212,14.522859573364258
finetune,26,0.0810376281983086,0.9732142857142857,0.7005245685577393,0.807692289352417,0.00012079116908177597,13.928345441818237
finetune,27,0.03256220809583153,1.0,0.6260506510734558,0.807692289352417,0.00011564344650402314,13.908535957336426
finetune,28,0.05042920308187604,0.9732142857142857,0.6110955476760864,0.8461538553237915,0.0001104528463267654,16.975099802017212
