,image_id,label_idx,pred,cl_suspect
0,smids/Abnormal_Sperm/Abnormal_Sperm (762).bmp,1,0,False
1,smids/Non-Sperm/Non-Sperm (28).bmp,2,1,True
2,smids/Abnormal_Sperm/Abnormal_Sperm (812).bmp,1,0,False
3,smids/Normal_Sperm/Normal_Sperm (875).bmp,0,1,True
4,smids/Abnormal_Sperm/Abnormal_Sperm (725).bmp,1,0,True
5,smids/Non-Sperm/Non-Sperm (650).bmp,2,1,False
6,smids/Normal_Sperm/Normal_Sperm (955).bmp,0,1,True
7,smids/Non-Sperm/Non-Sperm (928).bmp,2,1,False
8,smids/Abnormal_Sperm/Abnormal_Sperm (918).bmp,1,0,False
9,smids/Abnormal_Sperm/Abnormal_Sperm (896).bmp,1,0,True
10,smids/Normal_Sperm/Normal_Sperm (909).bmp,0,1,False
11,smids/Normal_Sperm/Normal_Sperm (84).bmp,0,1,False
12,smids/Abnormal_Sperm/Abnormal_Sperm (795).bmp,1,0,True
13,smids/Abnormal_Sperm/Abnormal_Sperm (766).bmp,1,0,False
14,smids/Normal_Sperm/Normal_Sperm (980).bmp,0,1,True
15,smids/Normal_Sperm/Normal_Sperm (893).bmp,0,1,True
16,smids/Abnormal_Sperm/Abnormal_Sperm (386).bmp,1,2,False
17,smids/Normal_Sperm/Normal_Sperm (134).bmp,0,1,True
18,smids/Abnormal_Sperm/Abnormal_Sperm (595).bmp,1,2,False
19,smids/Abnormal_Sperm/Abnormal_Sperm (587).bmp,1,2,False
20,smids/Normal_Sperm/Normal_Sperm (949).bmp,0,1,False
21,smids/Abnormal_Sperm/Abnormal_Sperm (639).bmp,1,2,False
22,smids/Abnormal_Sperm/Abnormal_Sperm (670).bmp,1,0,False
23,smids/Abnormal_Sperm/Abnormal_Sperm (934).bmp,1,0,False
24,smids/Normal_Sperm/Normal_Sperm (771).bmp,0,2,False
25,smids/Normal_Sperm/Normal_Sperm (926).bmp,0,1,True
26,smids/Normal_Sperm/Normal_Sperm (236).bmp,0,2,False
27,smids/Normal_Sperm/Normal_Sperm (59).bmp,0,1,False
28,smids/Abnormal_Sperm/Abnormal_Sperm (568).bmp,1,2,False
29,smids/Abnormal_Sperm/Abnormal_Sperm (28).bmp,1,0,False
30,smids/Normal_Sperm/Normal_Sperm (880).bmp,0,1,False
31,smids/Abnormal_Sperm/Abnormal_Sperm (940).bmp,1,2,False
32,smids/Non-Sperm/Non-Sperm (392).bmp,2,1,False
33,smids/Abnormal_Sperm/Abnormal_Sperm (758).bmp,1,0,False
34,smids/Normal_Sperm/Normal_Sperm (268).bmp,0,2,True
35,smids/Non-Sperm/Non-Sperm (6).bmp,2,1,True
36,smids/Normal_Sperm/Normal_Sperm (932).bmp,0,1,False
37,smids/Abnormal_Sperm/Abnormal_Sperm (572).bmp,1,2,False
38,smids/Non-Sperm/Non-Sperm (950).bmp,2,1,True
39,smids/Abnormal_Sperm/Abnormal_Sperm (179).bmp,1,0,False
